Year,Trade Flow Code,Trade Flow,Reporter Code,Reporter,Reporter ISO,Partner Code,Partner,Partner ISO,Commodity Code,Commodity,Qty Unit Code,Qty Unit,Qty,Netweight (kg),Trade Value (US$),Flag
2019,1,Import,276,Germany,DEU,36,Australia,AUS,70200,"Vegetables; tomatoes, fresh or chilled",8,Weight in kilograms,3372,3372,4391,0
2019,1,Import,276,Germany,DEU,76,Brazil,BRA,70200,"Vegetables; tomatoes, fresh or chilled",8,Weight in kilograms,46719,46719,27134,0
2019,1,Import,276,Germany,DEU,156,China,CHN,70200,"Vegetables; tomatoes, fresh or chilled",8,Weight in kilograms,25199,25199,68762,0
2019,1,Import,643,Russian Federation,RUS,156,China,CHN,70200,"Vegetables; tomatoes, fresh or chilled",8,Weight in kilograms,69386320,69386320,84116572,0
2019,2,Export,643,Russian Federation,RUS,699,India,IND,70200,"Vegetables; tomatoes, fresh or chilled",8,Weight in kilograms,634,634,1592,0
2019,2,Export,699,India,IND,156,China,CHN,70200,"Vegetables; tomatoes, fresh or chilled",8,Weight in kilograms,50,50,17,0
2020,1,Import,276,Germany,DEU,36,Australia,AUS,70200,"Vegetables; tomatoes, fresh or chilled",8,Weight in kilograms,7200,7200,9461,0
2020,1,Import,276,Germany,DEU,76,Brazil,BRA,70200,"Vegetables; tomatoes, fresh or chilled",8,Weight in kilograms,1482,1482,4100,0
2020,1,Import,276,Germany,DEU,156,China,CHN,70200,"Vegetables; tomatoes, fresh or chilled",8,Weight in kilograms,16747,16747,50501,0
2020,1,Import,276,Germany,DEU,699,India,IND,70200,"Vegetables; tomatoes, fresh or chilled",8,Weight in kilograms,108,108,287,0
2020,1,Import,643,Russian Federation,RUS,156,China,CHN,70200,"Vegetables; tomatoes, fresh or chilled",8,Weight in kilograms,43870910,43870910,52723791,0
2020,2,Export,699,India,IND,156,China,CHN,70200,"Vegetables; tomatoes, fresh or chilled",8,Weight in kilograms,50,50,27,0
2021,1,Import,276,Germany,DEU,76,Brazil,BRA,70200,"Vegetables; tomatoes, fresh or chilled",8,Weight in kilograms,38697,38697,69575,0
2021,1,Import,276,Germany,DEU,156,China,CHN,70200,"Vegetables; tomatoes, fresh or chilled",8,Weight in kilograms,25740,25740,94860,0
2021,2,Export,643,Russian Federation,RUS,36,Australia,AUS,70200,"Vegetables; tomatoes, fresh or chilled",8,Weight in kilograms,441,441,1148,0
2021,1,Import,643,Russian Federation,RUS,156,China,CHN,70200,"Vegetables; tomatoes, fresh or chilled",8,Weight in kilograms,39505336,39505336,47519353,0
2021,2,Export,643,Russian Federation,RUS,156,China,CHN,70200,"Vegetables; tomatoes, fresh or chilled",8,Weight in kilograms,4330,4330,7255,0
2021,2,Export,643,Russian Federation,RUS,699,India,IND,70200,"Vegetables; tomatoes, fresh or chilled",8,Weight in kilograms,89,89,246,0
2019,1,Import,156,China,CHN,36,Australia,AUS,80211,"Nuts, edible; almonds, fresh or dried, in shell",8,Weight in kilograms,36623696,36623696,182814551,0
2019,2,Export,156,China,CHN,36,Australia,AUS,80211,"Nuts, edible; almonds, fresh or dried, in shell",8,Weight in kilograms,65319,65319,316800,0
2019,1,Import,276,Germany,DEU,36,Australia,AUS,80211,"Nuts, edible; almonds, fresh or dried, in shell",8,Weight in kilograms,277,277,944,0
2019,1,Import,410,Rep. of Korea,KOR,156,China,CHN,80211,"Nuts, edible; almonds, fresh or dried, in shell",8,Weight in kilograms,6,6,32,0
2019,2,Export,410,Rep. of Korea,KOR,156,China,CHN,80211,"Nuts, edible; almonds, fresh or dried, in shell",8,Weight in kilograms,1218,1218,13111,0
2019,1,Import,699,India,IND,36,Australia,AUS,80211,"Nuts, edible; almonds, fresh or dried, in shell",8,Weight in kilograms,12423820,12423820,60098778,0
2019,2,Export,699,India,IND,36,Australia,AUS,80211,"Nuts, edible; almonds, fresh or dried, in shell",8,Weight in kilograms,16900,16900,150044,0
2020,1,Import,156,China,CHN,36,Australia,AUS,80211,"Nuts, edible; almonds, fresh or dried, in shell",8,Weight in kilograms,13757113,13757113,53396979,0
2020,2,Export,156,China,CHN,36,Australia,AUS,80211,"Nuts, edible; almonds, fresh or dried, in shell",8,Weight in kilograms,43546,43546,268800,0
2020,2,Export,276,Germany,DEU,76,Brazil,BRA,80211,"Nuts, edible; almonds, fresh or dried, in shell",8,Weight in kilograms,113,113,1680,0
2020,1,Import,276,Germany,DEU,156,China,CHN,80211,"Nuts, edible; almonds, fresh or dried, in shell",8,Weight in kilograms,3378,3378,48010,0
2020,1,Import,410,Rep. of Korea,KOR,156,China,CHN,80211,"Nuts, edible; almonds, fresh or dried, in shell",8,Weight in kilograms,1,1,7,0
2020,1,Import,410,Rep. of Korea,KOR,699,India,IND,80211,"Nuts, edible; almonds, fresh or dried, in shell",8,Weight in kilograms,1,1,14,0
2020,1,Import,643,Russian Federation,RUS,156,China,CHN,80211,"Nuts, edible; almonds, fresh or dried, in shell",8,Weight in kilograms,37421,37421,302277,0
2020,1,Import,699,India,IND,36,Australia,AUS,80211,"Nuts, edible; almonds, fresh or dried, in shell",8,Weight in kilograms,16280633,16280633,54339822,0
2020,2,Export,699,India,IND,36,Australia,AUS,80211,"Nuts, edible; almonds, fresh or dried, in shell",8,Weight in kilograms,14803,14803,70173,0
2021,1,Import,156,China,CHN,36,Australia,AUS,80211,"Nuts, edible; almonds, fresh or dried, in shell",8,Weight in kilograms,24437825,24437825,96043159,0
2021,1,Import,276,Germany,DEU,36,Australia,AUS,80211,"Nuts, edible; almonds, fresh or dried, in shell",8,Weight in kilograms,22,22,242,0
2021,1,Import,276,Germany,DEU,156,China,CHN,80211,"Nuts, edible; almonds, fresh or dried, in shell",8,Weight in kilograms,1750,1750,24743,0
2021,1,Import,410,Rep. of Korea,KOR,36,Australia,AUS,80211,"Nuts, edible; almonds, fresh or dried, in shell",8,Weight in kilograms,2,2,35,0
2021,2,Export,410,Rep. of Korea,KOR,36,Australia,AUS,80211,"Nuts, edible; almonds, fresh or dried, in shell",8,Weight in kilograms,582,582,9666,0
2021,1,Import,410,Rep. of Korea,KOR,156,China,CHN,80211,"Nuts, edible; almonds, fresh or dried, in shell",8,Weight in kilograms,7,7,91,6
2021,1,Import,643,Russian Federation,RUS,156,China,CHN,80211,"Nuts, edible; almonds, fresh or dried, in shell",8,Weight in kilograms,4989,4989,17962,0
2021,1,Import,699,India,IND,36,Australia,AUS,80211,"Nuts, edible; almonds, fresh or dried, in shell",8,Weight in kilograms,23585000,23585000,99085868,0
2021,2,Export,699,India,IND,36,Australia,AUS,80211,"Nuts, edible; almonds, fresh or dried, in shell",8,Weight in kilograms,5933,5933,29610,0
2019,1,Import,156,China,CHN,36,Australia,AUS,80910,"Fruit, edible; apricots, fresh",8,Weight in kilograms,7776,7776,35337,0
2019,1,Import,276,Germany,DEU,36,Australia,AUS,80910,"Fruit, edible; apricots, fresh",8,Weight in kilograms,1625,1625,14436,0
2019,1,Import,276,Germany,DEU,156,China,CHN,80910,"Fruit, edible; apricots, fresh",8,Weight in kilograms,2465,2465,4278,0
2019,1,Import,643,Russian Federation,RUS,156,China,CHN,80910,"Fruit, edible; apricots, fresh",8,Weight in kilograms,963190,963190,967498,0
2019,1,Import,699,India,IND,36,Australia,AUS,80910,"Fruit, edible; apricots, fresh",8,Weight in kilograms,8194,8194,34308,0
2020,1,Import,156,China,CHN,36,Australia,AUS,80910,"Fruit, edible; apricots, fresh",8,Weight in kilograms,4536,4536,24775,0
2020,1,Import,276,Germany,DEU,36,Australia,AUS,80910,"Fruit, edible; apricots, fresh",8,Weight in kilograms,100,100,742,0
2020,1,Import,699,India,IND,36,Australia,AUS,80910,"Fruit, edible; apricots, fresh",8,Weight in kilograms,3303,3303,14083,0
2021,1,Import,156,China,CHN,36,Australia,AUS,80910,"Fruit, edible; apricots, fresh",8,Weight in kilograms,1080,1080,10953,0
2021,1,Import,410,Rep. of Korea,KOR,36,Australia,AUS,80910,"Fruit, edible; apricots, fresh",8,Weight in kilograms,2,2,24,0
2021,1,Import,410,Rep. of Korea,KOR,156,China,CHN,80910,"Fruit, edible; apricots, fresh",8,Weight in kilograms,4,4,19,0
2021,1,Import,410,Rep. of Korea,KOR,699,India,IND,80910,"Fruit, edible; apricots, fresh",8,Weight in kilograms,1,1,4,0
2021,1,Import,699,India,IND,36,Australia,AUS,80910,"Fruit, edible; apricots, fresh",8,Weight in kilograms,3019,3019,9529,0
2019,1,Import,156,China,CHN,36,Australia,AUS,910,"Ginger, saffron, tumeric (curcuma), thyme, bay leaves, curry and other spices",8,Weight in kilograms,9498,9498,78572,6
2019,2,Export,156,China,CHN,36,Australia,AUS,910,"Ginger, saffron, tumeric (curcuma), thyme, bay leaves, curry and other spices",8,Weight in kilograms,183931,183931,1116206,0
2019,2,Export,156,China,CHN,76,Brazil,BRA,910,"Ginger, saffron, tumeric (curcuma), thyme, bay leaves, curry and other spices",8,Weight in kilograms,78350,78350,193081,0
2019,1,Import,156,China,CHN,156,China,CHN,910,"Ginger, saffron, tumeric (curcuma), thyme, bay leaves, curry and other spices",8,Weight in kilograms,27209,27209,148569,6
2019,4,Re-Import,156,China,CHN,156,China,CHN,910,"Ginger, saffron, tumeric (curcuma), thyme, bay leaves, curry and other spices",8,Weight in kilograms,27209,27209,148569,6
2019,1,Import,156,China,CHN,699,India,IND,910,"Ginger, saffron, tumeric (curcuma), thyme, bay leaves, curry and other spices",8,Weight in kilograms,1660801,1660801,2043978,6
2019,2,Export,156,China,CHN,699,India,IND,910,"Ginger, saffron, tumeric (curcuma), thyme, bay leaves, curry and other spices",8,Weight in kilograms,703426,703426,1241796,0
2019,1,Import,276,Germany,DEU,36,Australia,AUS,910,"Ginger, saffron, tumeric (curcuma), thyme, bay leaves, curry and other spices",8,Weight in kilograms,9416,9416,140444,6
2019,2,Export,276,Germany,DEU,36,Australia,AUS,910,"Ginger, saffron, tumeric (curcuma), thyme, bay leaves, curry and other spices",8,Weight in kilograms,48840,48840,376809,6
2019,1,Import,276,Germany,DEU,76,Brazil,BRA,910,"Ginger, saffron, tumeric (curcuma), thyme, bay leaves, curry and other spices",8,Weight in kilograms,878898,878898,4886421,6
2019,2,Export,276,Germany,DEU,76,Brazil,BRA,910,"Ginger, saffron, tumeric (curcuma), thyme, bay leaves, curry and other spices",8,Weight in kilograms,9630,9630,54330,0
2019,1,Import,276,Germany,DEU,156,China,CHN,910,"Ginger, saffron, tumeric (curcuma), thyme, bay leaves, curry and other spices",8,Weight in kilograms,14145824,14145824,31937538,6
2019,2,Export,276,Germany,DEU,156,China,CHN,910,"Ginger, saffron, tumeric (curcuma), thyme, bay leaves, curry and other spices",8,Weight in kilograms,130004,130004,874385,6
2019,1,Import,276,Germany,DEU,699,India,IND,910,"Ginger, saffron, tumeric (curcuma), thyme, bay leaves, curry and other spices",8,Weight in kilograms,6051659,6051659,14347496,6
2019,2,Export,276,Germany,DEU,699,India,IND,910,"Ginger, saffron, tumeric (curcuma), thyme, bay leaves, curry and other spices",8,Weight in kilograms,3331,3331,48948,6
2019,1,Import,410,Rep. of Korea,KOR,36,Australia,AUS,910,"Ginger, saffron, tumeric (curcuma), thyme, bay leaves, curry and other spices",8,Weight in kilograms,964,964,10465,0
2019,2,Export,410,Rep. of Korea,KOR,36,Australia,AUS,910,"Ginger, saffron, tumeric (curcuma), thyme, bay leaves, curry and other spices",8,Weight in kilograms,1745,1745,17273,0
2019,1,Import,410,Rep. of Korea,KOR,76,Brazil,BRA,910,"Ginger, saffron, tumeric (curcuma), thyme, bay leaves, curry and other spices",8,Weight in kilograms,0,0,17,0
2019,1,Import,410,Rep. of Korea,KOR,156,China,CHN,910,"Ginger, saffron, tumeric (curcuma), thyme, bay leaves, curry and other spices",8,Weight in kilograms,12906376,12906376,10966272,0
2019,2,Export,410,Rep. of Korea,KOR,156,China,CHN,910,"Ginger, saffron, tumeric (curcuma), thyme, bay leaves, curry and other spices",8,Weight in kilograms,132756,132756,308641,0
2019,1,Import,410,Rep. of Korea,KOR,699,India,IND,910,"Ginger, saffron, tumeric (curcuma), thyme, bay leaves, curry and other spices",8,Weight in kilograms,1091506,1091506,2134224,0
2019,2,Export,410,Rep. of Korea,KOR,699,India,IND,910,"Ginger, saffron, tumeric (curcuma), thyme, bay leaves, curry and other spices",8,Weight in kilograms,9005,9005,11785,0
2019,2,Export,643,Russian Federation,RUS,36,Australia,AUS,910,"Ginger, saffron, tumeric (curcuma), thyme, bay leaves, curry and other spices",8,Weight in kilograms,1,1,12,0
2019,1,Import,643,Russian Federation,RUS,76,Brazil,BRA,910,"Ginger, saffron, tumeric (curcuma), thyme, bay leaves, curry and other spices",8,Weight in kilograms,990910,990910,2646063,0
2019,1,Import,643,Russian Federation,RUS,156,China,CHN,910,"Ginger, saffron, tumeric (curcuma), thyme, bay leaves, curry and other spices",8,Weight in kilograms,7093097,7093097,19819507,0
2019,2,Export,643,Russian Federation,RUS,156,China,CHN,910,"Ginger, saffron, tumeric (curcuma), thyme, bay leaves, curry and other spices",8,Weight in kilograms,1321,1321,10115,0
2019,1,Import,643,Russian Federation,RUS,699,India,IND,910,"Ginger, saffron, tumeric (curcuma), thyme, bay leaves, curry and other spices",8,Weight in kilograms,1969199,1969199,2747287,0
2019,1,Import,699,India,IND,36,Australia,AUS,910,"Ginger, saffron, tumeric (curcuma), thyme, bay leaves, curry and other spices",8,Weight in kilograms,3190,3190,6986,0
2019,2,Export,699,India,IND,36,Australia,AUS,910,"Ginger, saffron, tumeric (curcuma), thyme, bay leaves, curry and other spices",8,Weight in kilograms,3144398,3144398,8738338,6
2019,1,Import,699,India,IND,76,Brazil,BRA,910,"Ginger, saffron, tumeric (curcuma), thyme, bay leaves, curry and other spices",8,Weight in kilograms,15000,15000,76819,0
2019,2,Export,699,India,IND,76,Brazil,BRA,910,"Ginger, saffron, tumeric (curcuma), thyme, bay leaves, curry and other spices",8,Weight in kilograms,1935501,1935501,2331626,0
2019,1,Import,699,India,IND,156,China,CHN,910,"Ginger, saffron, tumeric (curcuma), thyme, bay leaves, curry and other spices",8,Weight in kilograms,1236903,1236903,1132040,0
2019,2,Export,699,India,IND,156,China,CHN,910,"Ginger, saffron, tumeric (curcuma), thyme, bay leaves, curry and other spices",8,Weight in kilograms,15630056,15630056,6827605,6
2020,1,Import,156,China,CHN,36,Australia,AUS,910,"Ginger, saffron, tumeric (curcuma), thyme, bay leaves, curry and other spices",8,Weight in kilograms,115,115,8089,6
2020,2,Export,156,China,CHN,36,Australia,AUS,910,"Ginger, saffron, tumeric (curcuma), thyme, bay leaves, curry and other spices",8,Weight in kilograms,576999,576999,2254248,0
2020,2,Export,156,China,CHN,76,Brazil,BRA,910,"Ginger, saffron, tumeric (curcuma), thyme, bay leaves, curry and other spices",8,Weight in kilograms,72154,72154,237259,0
2020,1,Import,156,China,CHN,156,China,CHN,910,"Ginger, saffron, tumeric (curcuma), thyme, bay leaves, curry and other spices",8,Weight in kilograms,4629,4629,42866,6
2020,4,Re-Import,156,China,CHN,156,China,CHN,910,"Ginger, saffron, tumeric (curcuma), thyme, bay leaves, curry and other spices",8,Weight in kilograms,4629,4629,42866,6
2020,1,Import,156,China,CHN,699,India,IND,910,"Ginger, saffron, tumeric (curcuma), thyme, bay leaves, curry and other spices",8,Weight in kilograms,4301228,4301228,5038140,6
2020,2,Export,156,China,CHN,699,India,IND,910,"Ginger, saffron, tumeric (curcuma), thyme, bay leaves, curry and other spices",8,Weight in kilograms,212056,212056,413747,0
2020,1,Import,276,Germany,DEU,36,Australia,AUS,910,"Ginger, saffron, tumeric (curcuma), thyme, bay leaves, curry and other spices",8,Weight in kilograms,4029,4029,40695,6
2020,2,Export,276,Germany,DEU,36,Australia,AUS,910,"Ginger, saffron, tumeric (curcuma), thyme, bay leaves, curry and other spices",8,Weight in kilograms,28299,28299,221531,0
2020,1,Import,276,Germany,DEU,76,Brazil,BRA,910,"Ginger, saffron, tumeric (curcuma), thyme, bay leaves, curry and other spices",8,Weight in kilograms,1313336,1313336,6605231,6
2020,2,Export,276,Germany,DEU,76,Brazil,BRA,910,"Ginger, saffron, tumeric (curcuma), thyme, bay leaves, curry and other spices",8,Weight in kilograms,972,972,6940,6
2020,1,Import,276,Germany,DEU,156,China,CHN,910,"Ginger, saffron, tumeric (curcuma), thyme, bay leaves, curry and other spices",8,Weight in kilograms,13144013,13144013,36705090,6
2020,2,Export,276,Germany,DEU,156,China,CHN,910,"Ginger, saffron, tumeric (curcuma), thyme, bay leaves, curry and other spices",8,Weight in kilograms,70948,70948,353147,6
2020,1,Import,276,Germany,DEU,699,India,IND,910,"Ginger, saffron, tumeric (curcuma), thyme, bay leaves, curry and other spices",8,Weight in kilograms,6920029,6920029,16820272,6
2020,2,Export,276,Germany,DEU,699,India,IND,910,"Ginger, saffron, tumeric (curcuma), thyme, bay leaves, curry and other spices",8,Weight in kilograms,1803,1803,25304,6
2020,1,Import,410,Rep. of Korea,KOR,36,Australia,AUS,910,"Ginger, saffron, tumeric (curcuma), thyme, bay leaves, curry and other spices",8,Weight in kilograms,3662,3662,37601,6
2020,2,Export,410,Rep. of Korea,KOR,36,Australia,AUS,910,"Ginger, saffron, tumeric (curcuma), thyme, bay leaves, curry and other spices",8,Weight in kilograms,16056,16056,75103,0
2020,2,Export,410,Rep. of Korea,KOR,76,Brazil,BRA,910,"Ginger, saffron, tumeric (curcuma), thyme, bay leaves, curry and other spices",8,Weight in kilograms,1,1,253,0
2020,1,Import,410,Rep. of Korea,KOR,156,China,CHN,910,"Ginger, saffron, tumeric (curcuma), thyme, bay leaves, curry and other spices",8,Weight in kilograms,9103152,9103152,10514334,6
2020,2,Export,410,Rep. of Korea,KOR,156,China,CHN,910,"Ginger, saffron, tumeric (curcuma), thyme, bay leaves, curry and other spices",8,Weight in kilograms,13723,13723,59157,0
2020,1,Import,410,Rep. of Korea,KOR,699,India,IND,910,"Ginger, saffron, tumeric (curcuma), thyme, bay leaves, curry and other spices",8,Weight in kilograms,1241995,1241995,2479885,6
2020,2,Export,410,Rep. of Korea,KOR,699,India,IND,910,"Ginger, saffron, tumeric (curcuma), thyme, bay leaves, curry and other spices",8,Weight in kilograms,2514,2514,4340,0
2020,2,Export,643,Russian Federation,RUS,36,Australia,AUS,910,"Ginger, saffron, tumeric (curcuma), thyme, bay leaves, curry and other spices",8,Weight in kilograms,164,164,1053,0
2020,1,Import,643,Russian Federation,RUS,76,Brazil,BRA,910,"Ginger, saffron, tumeric (curcuma), thyme, bay leaves, curry and other spices",8,Weight in kilograms,1138042,1138042,2813542,0
2020,1,Import,643,Russian Federation,RUS,156,China,CHN,910,"Ginger, saffron, tumeric (curcuma), thyme, bay leaves, curry and other spices",8,Weight in kilograms,9717430,9717430,29134250,0
2020,2,Export,643,Russian Federation,RUS,156,China,CHN,910,"Ginger, saffron, tumeric (curcuma), thyme, bay leaves, curry and other spices",8,Weight in kilograms,1050,1050,5483,0
2020,1,Import,643,Russian Federation,RUS,699,India,IND,910,"Ginger, saffron, tumeric (curcuma), thyme, bay leaves, curry and other spices",8,Weight in kilograms,2416063,2416063,3516064,0
2020,2,Export,643,Russian Federation,RUS,699,India,IND,910,"Ginger, saffron, tumeric (curcuma), thyme, bay leaves, curry and other spices",8,Weight in kilograms,0,0,0,0
2020,1,Import,699,India,IND,36,Australia,AUS,910,"Ginger, saffron, tumeric (curcuma), thyme, bay leaves, curry and other spices",8,Weight in kilograms,5380,5380,15569,0
2020,2,Export,699,India,IND,36,Australia,AUS,910,"Ginger, saffron, tumeric (curcuma), thyme, bay leaves, curry and other spices",8,Weight in kilograms,4167104,4167104,11759919,6
2020,1,Import,699,India,IND,76,Brazil,BRA,910,"Ginger, saffron, tumeric (curcuma), thyme, bay leaves, curry and other spices",8,Weight in kilograms,3000,3000,275125,0
2020,2,Export,699,India,IND,76,Brazil,BRA,910,"Ginger, saffron, tumeric (curcuma), thyme, bay leaves, curry and other spices",8,Weight in kilograms,2934481,2934481,3073397,0
2020,1,Import,699,India,IND,156,China,CHN,910,"Ginger, saffron, tumeric (curcuma), thyme, bay leaves, curry and other spices",8,Weight in kilograms,1679416,1679416,1068980,6
2020,2,Export,699,India,IND,156,China,CHN,910,"Ginger, saffron, tumeric (curcuma), thyme, bay leaves, curry and other spices",8,Weight in kilograms,36354304,36354304,16612879,0
2021,1,Import,156,China,CHN,36,Australia,AUS,910,"Ginger, saffron, tumeric (curcuma), thyme, bay leaves, curry and other spices",8,Weight in kilograms,669,669,9453,6
2021,2,Export,156,China,CHN,36,Australia,AUS,910,"Ginger, saffron, tumeric (curcuma), thyme, bay leaves, curry and other spices",8,Weight in kilograms,550285,550285,2035753,0
2021,2,Export,156,China,CHN,76,Brazil,BRA,910,"Ginger, saffron, tumeric (curcuma), thyme, bay leaves, curry and other spices",8,Weight in kilograms,28157,28157,125484,0
2021,1,Import,156,China,CHN,156,China,CHN,910,"Ginger, saffron, tumeric (curcuma), thyme, bay leaves, curry and other spices",8,Weight in kilograms,11563,11563,55182,0
2021,4,Re-Import,156,China,CHN,156,China,CHN,910,"Ginger, saffron, tumeric (curcuma), thyme, bay leaves, curry and other spices",8,Weight in kilograms,11563,11563,55182,0
2021,1,Import,156,China,CHN,699,India,IND,910,"Ginger, saffron, tumeric (curcuma), thyme, bay leaves, curry and other spices",8,Weight in kilograms,4497243,4497243,5904082,6
2021,2,Export,156,China,CHN,699,India,IND,910,"Ginger, saffron, tumeric (curcuma), thyme, bay leaves, curry and other spices",8,Weight in kilograms,700563,700563,1109936,6
2021,1,Import,276,Germany,DEU,36,Australia,AUS,910,"Ginger, saffron, tumeric (curcuma), thyme, bay leaves, curry and other spices",8,Weight in kilograms,447,447,34170,6
2021,2,Export,276,Germany,DEU,36,Australia,AUS,910,"Ginger, saffron, tumeric (curcuma), thyme, bay leaves, curry and other spices",8,Weight in kilograms,35978,35978,298602,0
2021,1,Import,276,Germany,DEU,76,Brazil,BRA,910,"Ginger, saffron, tumeric (curcuma), thyme, bay leaves, curry and other spices",8,Weight in kilograms,1391410,1391410,6414194,6
2021,1,Import,276,Germany,DEU,156,China,CHN,910,"Ginger, saffron, tumeric (curcuma), thyme, bay leaves, curry and other spices",8,Weight in kilograms,17701997,17701997,48151336,6
2021,2,Export,276,Germany,DEU,156,China,CHN,910,"Ginger, saffron, tumeric (curcuma), thyme, bay leaves, curry and other spices",8,Weight in kilograms,25512,25512,248070,6
2021,1,Import,276,Germany,DEU,699,India,IND,910,"Ginger, saffron, tumeric (curcuma), thyme, bay leaves, curry and other spices",8,Weight in kilograms,7420934,7420934,17861272,6
2021,2,Export,276,Germany,DEU,699,India,IND,910,"Ginger, saffron, tumeric (curcuma), thyme, bay leaves, curry and other spices",8,Weight in kilograms,110344,110344,224880,6
2021,1,Import,410,Rep. of Korea,KOR,36,Australia,AUS,910,"Ginger, saffron, tumeric (curcuma), thyme, bay leaves, curry and other spices",8,Weight in kilograms,643,643,7232,6
2021,2,Export,410,Rep. of Korea,KOR,36,Australia,AUS,910,"Ginger, saffron, tumeric (curcuma), thyme, bay leaves, curry and other spices",8,Weight in kilograms,18984,18984,107205,0
2021,1,Import,410,Rep. of Korea,KOR,76,Brazil,BRA,910,"Ginger, saffron, tumeric (curcuma), thyme, bay leaves, curry and other spices",8,Weight in kilograms,3,3,330,0
2021,1,Import,410,Rep. of Korea,KOR,156,China,CHN,910,"Ginger, saffron, tumeric (curcuma), thyme, bay leaves, curry and other spices",8,Weight in kilograms,6225307,6225307,8314626,6
2021,2,Export,410,Rep. of Korea,KOR,156,China,CHN,910,"Ginger, saffron, tumeric (curcuma), thyme, bay leaves, curry and other spices",8,Weight in kilograms,228071,228071,690284,6
2021,1,Import,410,Rep. of Korea,KOR,699,India,IND,910,"Ginger, saffron, tumeric (curcuma), thyme, bay leaves, curry and other spices",8,Weight in kilograms,1231581,1231581,2810909,0
2021,1,Import,643,Russian Federation,RUS,36,Australia,AUS,910,"Ginger, saffron, tumeric (curcuma), thyme, bay leaves, curry and other spices",8,Weight in kilograms,75,75,5772,0
2021,2,Export,643,Russian Federation,RUS,36,Australia,AUS,910,"Ginger, saffron, tumeric (curcuma), thyme, bay leaves, curry and other spices",8,Weight in kilograms,117,117,742,0
2021,1,Import,643,Russian Federation,RUS,76,Brazil,BRA,910,"Ginger, saffron, tumeric (curcuma), thyme, bay leaves, curry and other spices",8,Weight in kilograms,2704199,2704199,5929049,0
2021,1,Import,643,Russian Federation,RUS,156,China,CHN,910,"Ginger, saffron, tumeric (curcuma), thyme, bay leaves, curry and other spices",8,Weight in kilograms,5341535,5341535,16291879,0
2021,2,Export,643,Russian Federation,RUS,156,China,CHN,910,"Ginger, saffron, tumeric (curcuma), thyme, bay leaves, curry and other spices",8,Weight in kilograms,539,539,5206,0
2021,1,Import,643,Russian Federation,RUS,699,India,IND,910,"Ginger, saffron, tumeric (curcuma), thyme, bay leaves, curry and other spices",8,Weight in kilograms,2973490,2973490,4805167,0
2021,1,Import,699,India,IND,36,Australia,AUS,910,"Ginger, saffron, tumeric (curcuma), thyme, bay leaves, curry and other spices",8,Weight in kilograms,6020,6020,7391,0
2021,2,Export,699,India,IND,36,Australia,AUS,910,"Ginger, saffron, tumeric (curcuma), thyme, bay leaves, curry and other spices",8,Weight in kilograms,3698127,3698127,13057137,0
2021,1,Import,699,India,IND,76,Brazil,BRA,910,"Ginger, saffron, tumeric (curcuma), thyme, bay leaves, curry and other spices",8,Weight in kilograms,256995,256995,59910,0
2021,2,Export,699,India,IND,76,Brazil,BRA,910,"Ginger, saffron, tumeric (curcuma), thyme, bay leaves, curry and other spices",8,Weight in kilograms,2286570,2286570,2880324,0
2021,1,Import,699,India,IND,156,China,CHN,910,"Ginger, saffron, tumeric (curcuma), thyme, bay leaves, curry and other spices",8,Weight in kilograms,814183,814183,852902,0
2021,2,Export,699,India,IND,156,China,CHN,910,"Ginger, saffron, tumeric (curcuma), thyme, bay leaves, curry and other spices",8,Weight in kilograms,23839184,23839184,17629161,6
2019,2,Export,156,China,CHN,36,Australia,AUS,1006,Rice,8,Weight in kilograms,1684100,1684100,1622747,0
2019,1,Import,156,China,CHN,699,India,IND,1006,Rice,8,Weight in kilograms,986507,986507,514954,0
2019,2,Export,156,China,CHN,699,India,IND,1006,Rice,8,Weight in kilograms,2,2,127,0
2019,1,Import,276,Germany,DEU,36,Australia,AUS,1006,Rice,8,Weight in kilograms,21360,21360,22195,0
2019,2,Export,276,Germany,DEU,36,Australia,AUS,1006,Rice,8,Weight in kilograms,7839,7839,7402,0
2019,1,Import,276,Germany,DEU,76,Brazil,BRA,1006,Rice,8,Weight in kilograms,81401,81401,80134,0
2019,2,Export,276,Germany,DEU,76,Brazil,BRA,1006,Rice,8,Weight in kilograms,694,694,896,0
2019,1,Import,276,Germany,DEU,156,China,CHN,1006,Rice,8,Weight in kilograms,125692,125692,153559,0
2019,2,Export,276,Germany,DEU,156,China,CHN,1006,Rice,8,Weight in kilograms,35,35,169,0
2019,1,Import,276,Germany,DEU,699,India,IND,1006,Rice,8,Weight in kilograms,23855998,23855998,32002103,6
2019,1,Import,410,Rep. of Korea,KOR,36,Australia,AUS,1006,Rice,8,Weight in kilograms,85,85,570,0
2019,2,Export,410,Rep. of Korea,KOR,36,Australia,AUS,1006,Rice,8,Weight in kilograms,449317,449317,1152983,0
2019,1,Import,410,Rep. of Korea,KOR,156,China,CHN,1006,Rice,8,Weight in kilograms,157147044,157147044,127687107,0
2019,2,Export,410,Rep. of Korea,KOR,156,China,CHN,1006,Rice,8,Weight in kilograms,487,487,2209,0
2019,1,Import,410,Rep. of Korea,KOR,699,India,IND,1006,Rice,8,Weight in kilograms,3702,3702,18844,0
2019,2,Export,410,Rep. of Korea,KOR,699,India,IND,1006,Rice,8,Weight in kilograms,3800,3800,1938,0
2019,1,Import,643,Russian Federation,RUS,36,Australia,AUS,1006,Rice,8,Weight in kilograms,194400,194400,192780,0
2019,2,Export,643,Russian Federation,RUS,76,Brazil,BRA,1006,Rice,8,Weight in kilograms,24000,24000,18680,0
2019,1,Import,643,Russian Federation,RUS,156,China,CHN,1006,Rice,8,Weight in kilograms,9765340,9765340,4893439,0
2019,2,Export,643,Russian Federation,RUS,156,China,CHN,1006,Rice,8,Weight in kilograms,794433,794433,125385,0
2019,1,Import,643,Russian Federation,RUS,699,India,IND,1006,Rice,8,Weight in kilograms,89342288,89342288,41331905,0
2019,2,Export,643,Russian Federation,RUS,699,India,IND,1006,Rice,8,Weight in kilograms,102522,102522,7566,0
2019,1,Import,699,India,IND,36,Australia,AUS,1006,Rice,8,Weight in kilograms,148000,148000,48149,0
2019,2,Export,699,India,IND,36,Australia,AUS,1006,Rice,8,Weight in kilograms,57106288,57106288,59456995,0
2019,1,Import,699,India,IND,76,Brazil,BRA,1006,Rice,8,Weight in kilograms,4,4,237,0
2019,2,Export,699,India,IND,76,Brazil,BRA,1006,Rice,8,Weight in kilograms,19000,19000,18887,0
2019,1,Import,699,India,IND,156,China,CHN,1006,Rice,8,Weight in kilograms,2,2,57,0
2019,2,Export,699,India,IND,156,China,CHN,1006,Rice,8,Weight in kilograms,763411,763411,455531,0
2020,2,Export,156,China,CHN,36,Australia,AUS,1006,Rice,8,Weight in kilograms,2161427,2161427,2021065,0
2020,1,Import,156,China,CHN,156,China,CHN,1006,Rice,8,Weight in kilograms,35200,35200,30096,0
2020,4,Re-Import,156,China,CHN,156,China,CHN,1006,Rice,8,Weight in kilograms,35200,35200,30096,0
2020,1,Import,156,China,CHN,699,India,IND,1006,Rice,8,Weight in kilograms,3878103,3878103,1467191,6
2020,1,Import,276,Germany,DEU,36,Australia,AUS,1006,Rice,8,Weight in kilograms,100260,100260,106730,0
2020,2,Export,276,Germany,DEU,36,Australia,AUS,1006,Rice,8,Weight in kilograms,2000,2000,5234,0
2020,1,Import,276,Germany,DEU,76,Brazil,BRA,1006,Rice,8,Weight in kilograms,47068,47068,39878,0
2020,2,Export,276,Germany,DEU,76,Brazil,BRA,1006,Rice,8,Weight in kilograms,902,902,2946,0
2020,1,Import,276,Germany,DEU,156,China,CHN,1006,Rice,8,Weight in kilograms,890779,890779,1343278,0
2020,1,Import,276,Germany,DEU,699,India,IND,1006,Rice,8,Weight in kilograms,31558803,31558803,41175745,6
2020,1,Import,410,Rep. of Korea,KOR,36,Australia,AUS,1006,Rice,8,Weight in kilograms,16,16,252,0
2020,2,Export,410,Rep. of Korea,KOR,36,Australia,AUS,1006,Rice,8,Weight in kilograms,499952,499952,1257436,0
2020,1,Import,410,Rep. of Korea,KOR,156,China,CHN,1006,Rice,8,Weight in kilograms,205600154,205600154,167878366,0
2020,2,Export,410,Rep. of Korea,KOR,156,China,CHN,1006,Rice,8,Weight in kilograms,7700,7700,42047,0
2020,1,Import,410,Rep. of Korea,KOR,699,India,IND,1006,Rice,8,Weight in kilograms,1117,1117,4810,0
2020,2,Export,410,Rep. of Korea,KOR,699,India,IND,1006,Rice,8,Weight in kilograms,10,10,131,0
2020,1,Import,643,Russian Federation,RUS,36,Australia,AUS,1006,Rice,8,Weight in kilograms,43200,43200,45576,0
2020,1,Import,643,Russian Federation,RUS,76,Brazil,BRA,1006,Rice,8,Weight in kilograms,275000,275000,157713,0
2020,1,Import,643,Russian Federation,RUS,156,China,CHN,1006,Rice,8,Weight in kilograms,6198074,6198074,3129749,0
2020,2,Export,643,Russian Federation,RUS,156,China,CHN,1006,Rice,8,Weight in kilograms,172741,172741,49914,0
2020,1,Import,643,Russian Federation,RUS,699,India,IND,1006,Rice,8,Weight in kilograms,132191331,132191331,60604036,0
2020,2,Export,643,Russian Federation,RUS,699,India,IND,1006,Rice,8,Weight in kilograms,1208,1208,4065,0
2020,1,Import,699,India,IND,36,Australia,AUS,1006,Rice,8,Weight in kilograms,1,1,85,0
2020,2,Export,699,India,IND,36,Australia,AUS,1006,Rice,8,Weight in kilograms,77198983,77198983,76981528,0
2020,2,Export,699,India,IND,76,Brazil,BRA,1006,Rice,8,Weight in kilograms,39875000,39875000,11204964,0
2020,2,Export,699,India,IND,156,China,CHN,1006,Rice,8,Weight in kilograms,34064025,34064025,10602940,0
2021,2,Export,156,China,CHN,36,Australia,AUS,1006,Rice,8,Weight in kilograms,1380400,1380400,1390205,0
2021,1,Import,156,China,CHN,699,India,IND,1006,Rice,8,Weight in kilograms,1089499518,1089499518,372555972,0
2021,2,Export,276,Germany,DEU,36,Australia,AUS,1006,Rice,8,Weight in kilograms,1250,1250,3393,0
2021,1,Import,276,Germany,DEU,76,Brazil,BRA,1006,Rice,8,Weight in kilograms,159394,159394,123358,0
2021,2,Export,276,Germany,DEU,76,Brazil,BRA,1006,Rice,8,Weight in kilograms,1418,1418,3730,0
2021,1,Import,276,Germany,DEU,156,China,CHN,1006,Rice,8,Weight in kilograms,840351,840351,1344007,0
2021,2,Export,276,Germany,DEU,156,China,CHN,1006,Rice,8,Weight in kilograms,1505,1505,3045,0
2021,1,Import,276,Germany,DEU,699,India,IND,1006,Rice,8,Weight in kilograms,30374021,30374021,39706300,6
2021,2,Export,276,Germany,DEU,699,India,IND,1006,Rice,8,Weight in kilograms,143165,143165,315966,0
2021,1,Import,410,Rep. of Korea,KOR,36,Australia,AUS,1006,Rice,8,Weight in kilograms,7378025,7378025,6928297,0
2021,2,Export,410,Rep. of Korea,KOR,36,Australia,AUS,1006,Rice,8,Weight in kilograms,335276,335276,1101753,0
2021,1,Import,410,Rep. of Korea,KOR,156,China,CHN,1006,Rice,8,Weight in kilograms,201324091,201324091,179193168,0
2021,2,Export,410,Rep. of Korea,KOR,156,China,CHN,1006,Rice,8,Weight in kilograms,3056,3056,17538,0
2021,1,Import,410,Rep. of Korea,KOR,699,India,IND,1006,Rice,8,Weight in kilograms,22222249,22222249,11190105,0
2021,2,Export,410,Rep. of Korea,KOR,699,India,IND,1006,Rice,8,Weight in kilograms,45,45,200,0
2021,1,Import,643,Russian Federation,RUS,156,China,CHN,1006,Rice,8,Weight in kilograms,5176743,5176743,2588728,0
2021,2,Export,643,Russian Federation,RUS,156,China,CHN,1006,Rice,8,Weight in kilograms,476857,476857,46536,0
2021,1,Import,643,Russian Federation,RUS,699,India,IND,1006,Rice,8,Weight in kilograms,132996072,132996072,69627426,0
2021,1,Import,699,India,IND,36,Australia,AUS,1006,Rice,8,Weight in kilograms,63800,63800,35199,0
2021,2,Export,699,India,IND,36,Australia,AUS,1006,Rice,8,Weight in kilograms,58186902,58186902,53139249,0
2021,1,Import,699,India,IND,76,Brazil,BRA,1006,Rice,8,Weight in kilograms,7,7,345,0
2021,2,Export,699,India,IND,76,Brazil,BRA,1006,Rice,8,Weight in kilograms,42732,42732,36513,0
2021,2,Export,699,India,IND,156,China,CHN,1006,Rice,8,Weight in kilograms,1208396556,1208396556,369391949,0
2019,1,Import,156,China,CHN,36,Australia,AUS,1905,"Bread, pastry, cakes, biscuits, other bakers' wares, whether or not containing cocoa; communion wafers, empty cachets suitable for pharmaceutical use, sealing wafers, rice paper and similar products",8,Weight in kilograms,623532,623532,6104713,6
2019,2,Export,156,China,CHN,36,Australia,AUS,1905,"Bread, pastry, cakes, biscuits, other bakers' wares, whether or not containing cocoa; communion wafers, empty cachets suitable for pharmaceutical use, sealing wafers, rice paper and similar products",8,Weight in kilograms,4949598,4949598,15384410,0
2019,1,Import,156,China,CHN,76,Brazil,BRA,1905,"Bread, pastry, cakes, biscuits, other bakers' wares, whether or not containing cocoa; communion wafers, empty cachets suitable for pharmaceutical use, sealing wafers, rice paper and similar products",8,Weight in kilograms,43096,43096,146860,0
2019,2,Export,156,China,CHN,76,Brazil,BRA,1905,"Bread, pastry, cakes, biscuits, other bakers' wares, whether or not containing cocoa; communion wafers, empty cachets suitable for pharmaceutical use, sealing wafers, rice paper and similar products",8,Weight in kilograms,1557659,1557659,2931049,0
2019,1,Import,156,China,CHN,156,China,CHN,1905,"Bread, pastry, cakes, biscuits, other bakers' wares, whether or not containing cocoa; communion wafers, empty cachets suitable for pharmaceutical use, sealing wafers, rice paper and similar products",8,Weight in kilograms,1073797,1073797,2721836,6
2019,4,Re-Import,156,China,CHN,156,China,CHN,1905,"Bread, pastry, cakes, biscuits, other bakers' wares, whether or not containing cocoa; communion wafers, empty cachets suitable for pharmaceutical use, sealing wafers, rice paper and similar products",8,Weight in kilograms,1073797,1073797,2721836,6
2019,1,Import,156,China,CHN,699,India,IND,1905,"Bread, pastry, cakes, biscuits, other bakers' wares, whether or not containing cocoa; communion wafers, empty cachets suitable for pharmaceutical use, sealing wafers, rice paper and similar products",8,Weight in kilograms,305482,305482,713465,6
2019,2,Export,156,China,CHN,699,India,IND,1905,"Bread, pastry, cakes, biscuits, other bakers' wares, whether or not containing cocoa; communion wafers, empty cachets suitable for pharmaceutical use, sealing wafers, rice paper and similar products",8,Weight in kilograms,443773,443773,756334,0
2019,1,Import,276,Germany,DEU,36,Australia,AUS,1905,"Bread, pastry, cakes, biscuits, other bakers' wares, whether or not containing cocoa; communion wafers, empty cachets suitable for pharmaceutical use, sealing wafers, rice paper and similar products",8,Weight in kilograms,49821,49821,192219,6
2019,2,Export,276,Germany,DEU,36,Australia,AUS,1905,"Bread, pastry, cakes, biscuits, other bakers' wares, whether or not containing cocoa; communion wafers, empty cachets suitable for pharmaceutical use, sealing wafers, rice paper and similar products",8,Weight in kilograms,7231251,7231251,28339433,0
2019,1,Import,276,Germany,DEU,76,Brazil,BRA,1905,"Bread, pastry, cakes, biscuits, other bakers' wares, whether or not containing cocoa; communion wafers, empty cachets suitable for pharmaceutical use, sealing wafers, rice paper and similar products",8,Weight in kilograms,7737,7737,48880,6
2019,2,Export,276,Germany,DEU,76,Brazil,BRA,1905,"Bread, pastry, cakes, biscuits, other bakers' wares, whether or not containing cocoa; communion wafers, empty cachets suitable for pharmaceutical use, sealing wafers, rice paper and similar products",8,Weight in kilograms,2414601,2414601,8106424,0
2019,1,Import,276,Germany,DEU,156,China,CHN,1905,"Bread, pastry, cakes, biscuits, other bakers' wares, whether or not containing cocoa; communion wafers, empty cachets suitable for pharmaceutical use, sealing wafers, rice paper and similar products",8,Weight in kilograms,4213224,4213224,8371816,6
2019,2,Export,276,Germany,DEU,156,China,CHN,1905,"Bread, pastry, cakes, biscuits, other bakers' wares, whether or not containing cocoa; communion wafers, empty cachets suitable for pharmaceutical use, sealing wafers, rice paper and similar products",8,Weight in kilograms,3738589,3738589,18344988,6
2019,1,Import,276,Germany,DEU,699,India,IND,1905,"Bread, pastry, cakes, biscuits, other bakers' wares, whether or not containing cocoa; communion wafers, empty cachets suitable for pharmaceutical use, sealing wafers, rice paper and similar products",8,Weight in kilograms,410225,410225,1547544,6
2019,2,Export,276,Germany,DEU,699,India,IND,1905,"Bread, pastry, cakes, biscuits, other bakers' wares, whether or not containing cocoa; communion wafers, empty cachets suitable for pharmaceutical use, sealing wafers, rice paper and similar products",8,Weight in kilograms,109390,109390,320922,0
2019,1,Import,410,Rep. of Korea,KOR,36,Australia,AUS,1905,"Bread, pastry, cakes, biscuits, other bakers' wares, whether or not containing cocoa; communion wafers, empty cachets suitable for pharmaceutical use, sealing wafers, rice paper and similar products",8,Weight in kilograms,141040,141040,1082878,0
2019,2,Export,410,Rep. of Korea,KOR,36,Australia,AUS,1905,"Bread, pastry, cakes, biscuits, other bakers' wares, whether or not containing cocoa; communion wafers, empty cachets suitable for pharmaceutical use, sealing wafers, rice paper and similar products",8,Weight in kilograms,3091525,3091525,14447567,0
2019,1,Import,410,Rep. of Korea,KOR,76,Brazil,BRA,1905,"Bread, pastry, cakes, biscuits, other bakers' wares, whether or not containing cocoa; communion wafers, empty cachets suitable for pharmaceutical use, sealing wafers, rice paper and similar products",8,Weight in kilograms,62530,62530,176642,0
2019,2,Export,410,Rep. of Korea,KOR,76,Brazil,BRA,1905,"Bread, pastry, cakes, biscuits, other bakers' wares, whether or not containing cocoa; communion wafers, empty cachets suitable for pharmaceutical use, sealing wafers, rice paper and similar products",8,Weight in kilograms,332883,332883,1397062,0
2019,1,Import,410,Rep. of Korea,KOR,156,China,CHN,1905,"Bread, pastry, cakes, biscuits, other bakers' wares, whether or not containing cocoa; communion wafers, empty cachets suitable for pharmaceutical use, sealing wafers, rice paper and similar products",8,Weight in kilograms,15512656,15512656,46987166,0
2019,2,Export,410,Rep. of Korea,KOR,156,China,CHN,1905,"Bread, pastry, cakes, biscuits, other bakers' wares, whether or not containing cocoa; communion wafers, empty cachets suitable for pharmaceutical use, sealing wafers, rice paper and similar products",8,Weight in kilograms,5884178,5884178,32918282,0
2019,1,Import,410,Rep. of Korea,KOR,699,India,IND,1905,"Bread, pastry, cakes, biscuits, other bakers' wares, whether or not containing cocoa; communion wafers, empty cachets suitable for pharmaceutical use, sealing wafers, rice paper and similar products",8,Weight in kilograms,1078023,1078023,2853139,0
2019,2,Export,410,Rep. of Korea,KOR,699,India,IND,1905,"Bread, pastry, cakes, biscuits, other bakers' wares, whether or not containing cocoa; communion wafers, empty cachets suitable for pharmaceutical use, sealing wafers, rice paper and similar products",8,Weight in kilograms,139811,139811,268961,0
2019,1,Import,643,Russian Federation,RUS,36,Australia,AUS,1905,"Bread, pastry, cakes, biscuits, other bakers' wares, whether or not containing cocoa; communion wafers, empty cachets suitable for pharmaceutical use, sealing wafers, rice paper and similar products",8,Weight in kilograms,806,806,6144,0
2019,2,Export,643,Russian Federation,RUS,36,Australia,AUS,1905,"Bread, pastry, cakes, biscuits, other bakers' wares, whether or not containing cocoa; communion wafers, empty cachets suitable for pharmaceutical use, sealing wafers, rice paper and similar products",8,Weight in kilograms,6752,6752,16287,0
2019,1,Import,643,Russian Federation,RUS,156,China,CHN,1905,"Bread, pastry, cakes, biscuits, other bakers' wares, whether or not containing cocoa; communion wafers, empty cachets suitable for pharmaceutical use, sealing wafers, rice paper and similar products",8,Weight in kilograms,2331725,2331725,4863523,0
2019,2,Export,643,Russian Federation,RUS,156,China,CHN,1905,"Bread, pastry, cakes, biscuits, other bakers' wares, whether or not containing cocoa; communion wafers, empty cachets suitable for pharmaceutical use, sealing wafers, rice paper and similar products",8,Weight in kilograms,15219008,15219008,24736101,0
2019,1,Import,643,Russian Federation,RUS,699,India,IND,1905,"Bread, pastry, cakes, biscuits, other bakers' wares, whether or not containing cocoa; communion wafers, empty cachets suitable for pharmaceutical use, sealing wafers, rice paper and similar products",8,Weight in kilograms,535506,535506,666826,0
2019,2,Export,643,Russian Federation,RUS,699,India,IND,1905,"Bread, pastry, cakes, biscuits, other bakers' wares, whether or not containing cocoa; communion wafers, empty cachets suitable for pharmaceutical use, sealing wafers, rice paper and similar products",8,Weight in kilograms,15466,15466,45371,0
2019,1,Import,699,India,IND,36,Australia,AUS,1905,"Bread, pastry, cakes, biscuits, other bakers' wares, whether or not containing cocoa; communion wafers, empty cachets suitable for pharmaceutical use, sealing wafers, rice paper and similar products",8,Weight in kilograms,3662,3662,27049,0
2019,2,Export,699,India,IND,36,Australia,AUS,1905,"Bread, pastry, cakes, biscuits, other bakers' wares, whether or not containing cocoa; communion wafers, empty cachets suitable for pharmaceutical use, sealing wafers, rice paper and similar products",8,Weight in kilograms,4753607,4753607,11752837,0
2019,1,Import,699,India,IND,76,Brazil,BRA,1905,"Bread, pastry, cakes, biscuits, other bakers' wares, whether or not containing cocoa; communion wafers, empty cachets suitable for pharmaceutical use, sealing wafers, rice paper and similar products",8,Weight in kilograms,6,6,85,0
2019,2,Export,699,India,IND,76,Brazil,BRA,1905,"Bread, pastry, cakes, biscuits, other bakers' wares, whether or not containing cocoa; communion wafers, empty cachets suitable for pharmaceutical use, sealing wafers, rice paper and similar products",8,Weight in kilograms,12002,12002,24332,6
2019,1,Import,699,India,IND,156,China,CHN,1905,"Bread, pastry, cakes, biscuits, other bakers' wares, whether or not containing cocoa; communion wafers, empty cachets suitable for pharmaceutical use, sealing wafers, rice paper and similar products",8,Weight in kilograms,494571,494571,467066,0
2019,2,Export,699,India,IND,156,China,CHN,1905,"Bread, pastry, cakes, biscuits, other bakers' wares, whether or not containing cocoa; communion wafers, empty cachets suitable for pharmaceutical use, sealing wafers, rice paper and similar products",8,Weight in kilograms,272493,272493,576819,0
2020,1,Import,156,China,CHN,36,Australia,AUS,1905,"Bread, pastry, cakes, biscuits, other bakers' wares, whether or not containing cocoa; communion wafers, empty cachets suitable for pharmaceutical use, sealing wafers, rice paper and similar products",8,Weight in kilograms,731872,731872,5976172,0
2020,2,Export,156,China,CHN,36,Australia,AUS,1905,"Bread, pastry, cakes, biscuits, other bakers' wares, whether or not containing cocoa; communion wafers, empty cachets suitable for pharmaceutical use, sealing wafers, rice paper and similar products",8,Weight in kilograms,5047320,5047320,14493937,0
2020,1,Import,156,China,CHN,76,Brazil,BRA,1905,"Bread, pastry, cakes, biscuits, other bakers' wares, whether or not containing cocoa; communion wafers, empty cachets suitable for pharmaceutical use, sealing wafers, rice paper and similar products",8,Weight in kilograms,119896,119896,420075,0
2020,2,Export,156,China,CHN,76,Brazil,BRA,1905,"Bread, pastry, cakes, biscuits, other bakers' wares, whether or not containing cocoa; communion wafers, empty cachets suitable for pharmaceutical use, sealing wafers, rice paper and similar products",8,Weight in kilograms,1233165,1233165,2398946,0
2020,1,Import,156,China,CHN,156,China,CHN,1905,"Bread, pastry, cakes, biscuits, other bakers' wares, whether or not containing cocoa; communion wafers, empty cachets suitable for pharmaceutical use, sealing wafers, rice paper and similar products",8,Weight in kilograms,930750,930750,2365555,6
2020,4,Re-Import,156,China,CHN,156,China,CHN,1905,"Bread, pastry, cakes, biscuits, other bakers' wares, whether or not containing cocoa; communion wafers, empty cachets suitable for pharmaceutical use, sealing wafers, rice paper and similar products",8,Weight in kilograms,930750,930750,2365555,6
2020,1,Import,156,China,CHN,699,India,IND,1905,"Bread, pastry, cakes, biscuits, other bakers' wares, whether or not containing cocoa; communion wafers, empty cachets suitable for pharmaceutical use, sealing wafers, rice paper and similar products",8,Weight in kilograms,270139,270139,560048,0
2020,2,Export,156,China,CHN,699,India,IND,1905,"Bread, pastry, cakes, biscuits, other bakers' wares, whether or not containing cocoa; communion wafers, empty cachets suitable for pharmaceutical use, sealing wafers, rice paper and similar products",8,Weight in kilograms,193978,193978,337971,0
2020,1,Import,276,Germany,DEU,36,Australia,AUS,1905,"Bread, pastry, cakes, biscuits, other bakers' wares, whether or not containing cocoa; communion wafers, empty cachets suitable for pharmaceutical use, sealing wafers, rice paper and similar products",8,Weight in kilograms,18184,18184,68966,6
2020,2,Export,276,Germany,DEU,36,Australia,AUS,1905,"Bread, pastry, cakes, biscuits, other bakers' wares, whether or not containing cocoa; communion wafers, empty cachets suitable for pharmaceutical use, sealing wafers, rice paper and similar products",8,Weight in kilograms,6495531,6495531,24141630,0
2020,1,Import,276,Germany,DEU,76,Brazil,BRA,1905,"Bread, pastry, cakes, biscuits, other bakers' wares, whether or not containing cocoa; communion wafers, empty cachets suitable for pharmaceutical use, sealing wafers, rice paper and similar products",8,Weight in kilograms,14289,14289,85738,6
2020,2,Export,276,Germany,DEU,76,Brazil,BRA,1905,"Bread, pastry, cakes, biscuits, other bakers' wares, whether or not containing cocoa; communion wafers, empty cachets suitable for pharmaceutical use, sealing wafers, rice paper and similar products",8,Weight in kilograms,2054152,2054152,6116279,6
2020,1,Import,276,Germany,DEU,156,China,CHN,1905,"Bread, pastry, cakes, biscuits, other bakers' wares, whether or not containing cocoa; communion wafers, empty cachets suitable for pharmaceutical use, sealing wafers, rice paper and similar products",8,Weight in kilograms,3063262,3063262,6426699,6
2020,2,Export,276,Germany,DEU,156,China,CHN,1905,"Bread, pastry, cakes, biscuits, other bakers' wares, whether or not containing cocoa; communion wafers, empty cachets suitable for pharmaceutical use, sealing wafers, rice paper and similar products",8,Weight in kilograms,3930413,3930413,20189971,6
2020,1,Import,276,Germany,DEU,699,India,IND,1905,"Bread, pastry, cakes, biscuits, other bakers' wares, whether or not containing cocoa; communion wafers, empty cachets suitable for pharmaceutical use, sealing wafers, rice paper and similar products",8,Weight in kilograms,610975,610975,1852526,6
2020,2,Export,276,Germany,DEU,699,India,IND,1905,"Bread, pastry, cakes, biscuits, other bakers' wares, whether or not containing cocoa; communion wafers, empty cachets suitable for pharmaceutical use, sealing wafers, rice paper and similar products",8,Weight in kilograms,102453,102453,122916,0
2020,1,Import,410,Rep. of Korea,KOR,36,Australia,AUS,1905,"Bread, pastry, cakes, biscuits, other bakers' wares, whether or not containing cocoa; communion wafers, empty cachets suitable for pharmaceutical use, sealing wafers, rice paper and similar products",8,Weight in kilograms,172106,172106,1291772,6
2020,2,Export,410,Rep. of Korea,KOR,36,Australia,AUS,1905,"Bread, pastry, cakes, biscuits, other bakers' wares, whether or not containing cocoa; communion wafers, empty cachets suitable for pharmaceutical use, sealing wafers, rice paper and similar products",8,Weight in kilograms,3441759,3441759,16197162,0
2020,1,Import,410,Rep. of Korea,KOR,76,Brazil,BRA,1905,"Bread, pastry, cakes, biscuits, other bakers' wares, whether or not containing cocoa; communion wafers, empty cachets suitable for pharmaceutical use, sealing wafers, rice paper and similar products",8,Weight in kilograms,4282,4282,24442,0
2020,2,Export,410,Rep. of Korea,KOR,76,Brazil,BRA,1905,"Bread, pastry, cakes, biscuits, other bakers' wares, whether or not containing cocoa; communion wafers, empty cachets suitable for pharmaceutical use, sealing wafers, rice paper and similar products",8,Weight in kilograms,249464,249464,1065113,0
2020,1,Import,410,Rep. of Korea,KOR,156,China,CHN,1905,"Bread, pastry, cakes, biscuits, other bakers' wares, whether or not containing cocoa; communion wafers, empty cachets suitable for pharmaceutical use, sealing wafers, rice paper and similar products",8,Weight in kilograms,14610862,14610862,46290886,0
2020,2,Export,410,Rep. of Korea,KOR,156,China,CHN,1905,"Bread, pastry, cakes, biscuits, other bakers' wares, whether or not containing cocoa; communion wafers, empty cachets suitable for pharmaceutical use, sealing wafers, rice paper and similar products",8,Weight in kilograms,6751110,6751110,40958161,0
2020,1,Import,410,Rep. of Korea,KOR,699,India,IND,1905,"Bread, pastry, cakes, biscuits, other bakers' wares, whether or not containing cocoa; communion wafers, empty cachets suitable for pharmaceutical use, sealing wafers, rice paper and similar products",8,Weight in kilograms,1329264,1329264,3063555,0
2020,2,Export,410,Rep. of Korea,KOR,699,India,IND,1905,"Bread, pastry, cakes, biscuits, other bakers' wares, whether or not containing cocoa; communion wafers, empty cachets suitable for pharmaceutical use, sealing wafers, rice paper and similar products",8,Weight in kilograms,134234,134234,242361,6
2020,1,Import,643,Russian Federation,RUS,36,Australia,AUS,1905,"Bread, pastry, cakes, biscuits, other bakers' wares, whether or not containing cocoa; communion wafers, empty cachets suitable for pharmaceutical use, sealing wafers, rice paper and similar products",8,Weight in kilograms,806,806,6144,0
2020,2,Export,643,Russian Federation,RUS,36,Australia,AUS,1905,"Bread, pastry, cakes, biscuits, other bakers' wares, whether or not containing cocoa; communion wafers, empty cachets suitable for pharmaceutical use, sealing wafers, rice paper and similar products",8,Weight in kilograms,10653,10653,24240,0
2020,1,Import,643,Russian Federation,RUS,156,China,CHN,1905,"Bread, pastry, cakes, biscuits, other bakers' wares, whether or not containing cocoa; communion wafers, empty cachets suitable for pharmaceutical use, sealing wafers, rice paper and similar products",8,Weight in kilograms,1900974,1900974,3848785,0
2020,2,Export,643,Russian Federation,RUS,156,China,CHN,1905,"Bread, pastry, cakes, biscuits, other bakers' wares, whether or not containing cocoa; communion wafers, empty cachets suitable for pharmaceutical use, sealing wafers, rice paper and similar products",8,Weight in kilograms,15037380,15037380,25535860,0
2020,1,Import,643,Russian Federation,RUS,699,India,IND,1905,"Bread, pastry, cakes, biscuits, other bakers' wares, whether or not containing cocoa; communion wafers, empty cachets suitable for pharmaceutical use, sealing wafers, rice paper and similar products",8,Weight in kilograms,423563,423563,509852,0
2020,1,Import,699,India,IND,36,Australia,AUS,1905,"Bread, pastry, cakes, biscuits, other bakers' wares, whether or not containing cocoa; communion wafers, empty cachets suitable for pharmaceutical use, sealing wafers, rice paper and similar products",8,Weight in kilograms,8392,8392,42724,0
2020,2,Export,699,India,IND,36,Australia,AUS,1905,"Bread, pastry, cakes, biscuits, other bakers' wares, whether or not containing cocoa; communion wafers, empty cachets suitable for pharmaceutical use, sealing wafers, rice paper and similar products",8,Weight in kilograms,5375496,5375496,13695931,0
2020,1,Import,699,India,IND,76,Brazil,BRA,1905,"Bread, pastry, cakes, biscuits, other bakers' wares, whether or not containing cocoa; communion wafers, empty cachets suitable for pharmaceutical use, sealing wafers, rice paper and similar products",8,Weight in kilograms,1626,1626,5605,0
2020,2,Export,699,India,IND,76,Brazil,BRA,1905,"Bread, pastry, cakes, biscuits, other bakers' wares, whether or not containing cocoa; communion wafers, empty cachets suitable for pharmaceutical use, sealing wafers, rice paper and similar products",8,Weight in kilograms,69116,69116,279789,0
2020,1,Import,699,India,IND,156,China,CHN,1905,"Bread, pastry, cakes, biscuits, other bakers' wares, whether or not containing cocoa; communion wafers, empty cachets suitable for pharmaceutical use, sealing wafers, rice paper and similar products",8,Weight in kilograms,167893,167893,203419,0
2020,2,Export,699,India,IND,156,China,CHN,1905,"Bread, pastry, cakes, biscuits, other bakers' wares, whether or not containing cocoa; communion wafers, empty cachets suitable for pharmaceutical use, sealing wafers, rice paper and similar products",8,Weight in kilograms,293534,293534,543666,0
2021,1,Import,156,China,CHN,36,Australia,AUS,1905,"Bread, pastry, cakes, biscuits, other bakers' wares, whether or not containing cocoa; communion wafers, empty cachets suitable for pharmaceutical use, sealing wafers, rice paper and similar products",8,Weight in kilograms,789588,789588,6579195,0
2021,2,Export,156,China,CHN,36,Australia,AUS,1905,"Bread, pastry, cakes, biscuits, other bakers' wares, whether or not containing cocoa; communion wafers, empty cachets suitable for pharmaceutical use, sealing wafers, rice paper and similar products",8,Weight in kilograms,5423970,5423970,17838844,6
2021,1,Import,156,China,CHN,76,Brazil,BRA,1905,"Bread, pastry, cakes, biscuits, other bakers' wares, whether or not containing cocoa; communion wafers, empty cachets suitable for pharmaceutical use, sealing wafers, rice paper and similar products",8,Weight in kilograms,131109,131109,171123,0
2021,2,Export,156,China,CHN,76,Brazil,BRA,1905,"Bread, pastry, cakes, biscuits, other bakers' wares, whether or not containing cocoa; communion wafers, empty cachets suitable for pharmaceutical use, sealing wafers, rice paper and similar products",8,Weight in kilograms,585786,585786,1013701,0
2021,1,Import,156,China,CHN,156,China,CHN,1905,"Bread, pastry, cakes, biscuits, other bakers' wares, whether or not containing cocoa; communion wafers, empty cachets suitable for pharmaceutical use, sealing wafers, rice paper and similar products",8,Weight in kilograms,512367,512367,1478535,6
2021,4,Re-Import,156,China,CHN,156,China,CHN,1905,"Bread, pastry, cakes, biscuits, other bakers' wares, whether or not containing cocoa; communion wafers, empty cachets suitable for pharmaceutical use, sealing wafers, rice paper and similar products",8,Weight in kilograms,512367,512367,1478535,6
2021,1,Import,156,China,CHN,699,India,IND,1905,"Bread, pastry, cakes, biscuits, other bakers' wares, whether or not containing cocoa; communion wafers, empty cachets suitable for pharmaceutical use, sealing wafers, rice paper and similar products",8,Weight in kilograms,431832,431832,817493,6
2021,2,Export,156,China,CHN,699,India,IND,1905,"Bread, pastry, cakes, biscuits, other bakers' wares, whether or not containing cocoa; communion wafers, empty cachets suitable for pharmaceutical use, sealing wafers, rice paper and similar products",8,Weight in kilograms,290942,290942,546598,0
2021,1,Import,276,Germany,DEU,36,Australia,AUS,1905,"Bread, pastry, cakes, biscuits, other bakers' wares, whether or not containing cocoa; communion wafers, empty cachets suitable for pharmaceutical use, sealing wafers, rice paper and similar products",8,Weight in kilograms,27276,27276,143033,6
2021,2,Export,276,Germany,DEU,36,Australia,AUS,1905,"Bread, pastry, cakes, biscuits, other bakers' wares, whether or not containing cocoa; communion wafers, empty cachets suitable for pharmaceutical use, sealing wafers, rice paper and similar products",8,Weight in kilograms,7433059,7433059,31594029,6
2021,1,Import,276,Germany,DEU,76,Brazil,BRA,1905,"Bread, pastry, cakes, biscuits, other bakers' wares, whether or not containing cocoa; communion wafers, empty cachets suitable for pharmaceutical use, sealing wafers, rice paper and similar products",8,Weight in kilograms,61863,61863,273148,6
2021,2,Export,276,Germany,DEU,76,Brazil,BRA,1905,"Bread, pastry, cakes, biscuits, other bakers' wares, whether or not containing cocoa; communion wafers, empty cachets suitable for pharmaceutical use, sealing wafers, rice paper and similar products",8,Weight in kilograms,1392658,1392658,4578936,0
2021,1,Import,276,Germany,DEU,156,China,CHN,1905,"Bread, pastry, cakes, biscuits, other bakers' wares, whether or not containing cocoa; communion wafers, empty cachets suitable for pharmaceutical use, sealing wafers, rice paper and similar products",8,Weight in kilograms,3630722,3630722,10523752,6
2021,2,Export,276,Germany,DEU,156,China,CHN,1905,"Bread, pastry, cakes, biscuits, other bakers' wares, whether or not containing cocoa; communion wafers, empty cachets suitable for pharmaceutical use, sealing wafers, rice paper and similar products",8,Weight in kilograms,4509227,4509227,28959382,0
2021,1,Import,276,Germany,DEU,699,India,IND,1905,"Bread, pastry, cakes, biscuits, other bakers' wares, whether or not containing cocoa; communion wafers, empty cachets suitable for pharmaceutical use, sealing wafers, rice paper and similar products",8,Weight in kilograms,812079,812079,2700618,6
2021,2,Export,276,Germany,DEU,699,India,IND,1905,"Bread, pastry, cakes, biscuits, other bakers' wares, whether or not containing cocoa; communion wafers, empty cachets suitable for pharmaceutical use, sealing wafers, rice paper and similar products",8,Weight in kilograms,121820,121820,193356,6
2021,1,Import,410,Rep. of Korea,KOR,36,Australia,AUS,1905,"Bread, pastry, cakes, biscuits, other bakers' wares, whether or not containing cocoa; communion wafers, empty cachets suitable for pharmaceutical use, sealing wafers, rice paper and similar products",8,Weight in kilograms,178603,178603,1305015,0
2021,2,Export,410,Rep. of Korea,KOR,36,Australia,AUS,1905,"Bread, pastry, cakes, biscuits, other bakers' wares, whether or not containing cocoa; communion wafers, empty cachets suitable for pharmaceutical use, sealing wafers, rice paper and similar products",8,Weight in kilograms,3244782,3244782,16406508,0
2021,1,Import,410,Rep. of Korea,KOR,76,Brazil,BRA,1905,"Bread, pastry, cakes, biscuits, other bakers' wares, whether or not containing cocoa; communion wafers, empty cachets suitable for pharmaceutical use, sealing wafers, rice paper and similar products",8,Weight in kilograms,35809,35809,99482,0
2021,2,Export,410,Rep. of Korea,KOR,76,Brazil,BRA,1905,"Bread, pastry, cakes, biscuits, other bakers' wares, whether or not containing cocoa; communion wafers, empty cachets suitable for pharmaceutical use, sealing wafers, rice paper and similar products",8,Weight in kilograms,254527,254527,1130169,0
2021,1,Import,410,Rep. of Korea,KOR,156,China,CHN,1905,"Bread, pastry, cakes, biscuits, other bakers' wares, whether or not containing cocoa; communion wafers, empty cachets suitable for pharmaceutical use, sealing wafers, rice paper and similar products",8,Weight in kilograms,16044326,16044326,51760106,0
2021,2,Export,410,Rep. of Korea,KOR,156,China,CHN,1905,"Bread, pastry, cakes, biscuits, other bakers' wares, whether or not containing cocoa; communion wafers, empty cachets suitable for pharmaceutical use, sealing wafers, rice paper and similar products",8,Weight in kilograms,9547965,9547965,59258831,0
2021,1,Import,410,Rep. of Korea,KOR,699,India,IND,1905,"Bread, pastry, cakes, biscuits, other bakers' wares, whether or not containing cocoa; communion wafers, empty cachets suitable for pharmaceutical use, sealing wafers, rice paper and similar products",8,Weight in kilograms,1408150,1408150,2690401,0
2021,2,Export,410,Rep. of Korea,KOR,699,India,IND,1905,"Bread, pastry, cakes, biscuits, other bakers' wares, whether or not containing cocoa; communion wafers, empty cachets suitable for pharmaceutical use, sealing wafers, rice paper and similar products",8,Weight in kilograms,167429,167429,363500,0
2021,1,Import,643,Russian Federation,RUS,36,Australia,AUS,1905,"Bread, pastry, cakes, biscuits, other bakers' wares, whether or not containing cocoa; communion wafers, empty cachets suitable for pharmaceutical use, sealing wafers, rice paper and similar products",8,Weight in kilograms,831,831,6144,0
2021,2,Export,643,Russian Federation,RUS,36,Australia,AUS,1905,"Bread, pastry, cakes, biscuits, other bakers' wares, whether or not containing cocoa; communion wafers, empty cachets suitable for pharmaceutical use, sealing wafers, rice paper and similar products",8,Weight in kilograms,16033,16033,38851,0
2021,2,Export,643,Russian Federation,RUS,76,Brazil,BRA,1905,"Bread, pastry, cakes, biscuits, other bakers' wares, whether or not containing cocoa; communion wafers, empty cachets suitable for pharmaceutical use, sealing wafers, rice paper and similar products",8,Weight in kilograms,11416,11416,111060,0
2021,1,Import,643,Russian Federation,RUS,156,China,CHN,1905,"Bread, pastry, cakes, biscuits, other bakers' wares, whether or not containing cocoa; communion wafers, empty cachets suitable for pharmaceutical use, sealing wafers, rice paper and similar products",8,Weight in kilograms,3371908,3371908,7371871,0
2021,2,Export,643,Russian Federation,RUS,156,China,CHN,1905,"Bread, pastry, cakes, biscuits, other bakers' wares, whether or not containing cocoa; communion wafers, empty cachets suitable for pharmaceutical use, sealing wafers, rice paper and similar products",8,Weight in kilograms,11926210,11926210,24982718,6
2021,1,Import,643,Russian Federation,RUS,699,India,IND,1905,"Bread, pastry, cakes, biscuits, other bakers' wares, whether or not containing cocoa; communion wafers, empty cachets suitable for pharmaceutical use, sealing wafers, rice paper and similar products",8,Weight in kilograms,1509356,1509356,3505417,0
2021,2,Export,643,Russian Federation,RUS,699,India,IND,1905,"Bread, pastry, cakes, biscuits, other bakers' wares, whether or not containing cocoa; communion wafers, empty cachets suitable for pharmaceutical use, sealing wafers, rice paper and similar products",8,Weight in kilograms,44,44,128,0
2021,1,Import,699,India,IND,36,Australia,AUS,1905,"Bread, pastry, cakes, biscuits, other bakers' wares, whether or not containing cocoa; communion wafers, empty cachets suitable for pharmaceutical use, sealing wafers, rice paper and similar products",8,Weight in kilograms,6301,6301,25635,0
2021,2,Export,699,India,IND,36,Australia,AUS,1905,"Bread, pastry, cakes, biscuits, other bakers' wares, whether or not containing cocoa; communion wafers, empty cachets suitable for pharmaceutical use, sealing wafers, rice paper and similar products",8,Weight in kilograms,5470681,5470681,14686502,0
2021,1,Import,699,India,IND,76,Brazil,BRA,1905,"Bread, pastry, cakes, biscuits, other bakers' wares, whether or not containing cocoa; communion wafers, empty cachets suitable for pharmaceutical use, sealing wafers, rice paper and similar products",8,Weight in kilograms,1161,1161,5316,0
2021,2,Export,699,India,IND,76,Brazil,BRA,1905,"Bread, pastry, cakes, biscuits, other bakers' wares, whether or not containing cocoa; communion wafers, empty cachets suitable for pharmaceutical use, sealing wafers, rice paper and similar products",8,Weight in kilograms,16386,16386,71537,0
2021,1,Import,699,India,IND,156,China,CHN,1905,"Bread, pastry, cakes, biscuits, other bakers' wares, whether or not containing cocoa; communion wafers, empty cachets suitable for pharmaceutical use, sealing wafers, rice paper and similar products",8,Weight in kilograms,227282,227282,339448,0
2021,2,Export,699,India,IND,156,China,CHN,1905,"Bread, pastry, cakes, biscuits, other bakers' wares, whether or not containing cocoa; communion wafers, empty cachets suitable for pharmaceutical use, sealing wafers, rice paper and similar products",8,Weight in kilograms,497763,497763,798638,0
2019,2,Export,156,China,CHN,76,Brazil,BRA,500710,Silk; woven fabrics of noil silk,8,Weight in kilograms,179,179,15611,6
2019,1,Import,156,China,CHN,156,China,CHN,500710,Silk; woven fabrics of noil silk,8,Weight in kilograms,1573,1573,18813,0
2019,4,Re-Import,156,China,CHN,156,China,CHN,500710,Silk; woven fabrics of noil silk,8,Weight in kilograms,1573,1573,18813,0
2019,1,Import,156,China,CHN,699,India,IND,500710,Silk; woven fabrics of noil silk,8,Weight in kilograms,28,28,1629,0
2019,1,Import,276,Germany,DEU,156,China,CHN,500710,Silk; woven fabrics of noil silk,8,Weight in kilograms,1613,1613,158998,6
2019,1,Import,276,Germany,DEU,699,India,IND,500710,Silk; woven fabrics of noil silk,8,Weight in kilograms,2546,2546,146878,6
2019,1,Import,410,Rep. of Korea,KOR,156,China,CHN,500710,Silk; woven fabrics of noil silk,8,Weight in kilograms,576,576,62527,0
2019,1,Import,410,Rep. of Korea,KOR,699,India,IND,500710,Silk; woven fabrics of noil silk,8,Weight in kilograms,18,18,1996,0
2019,2,Export,699,India,IND,36,Australia,AUS,500710,Silk; woven fabrics of noil silk,8,Weight in kilograms,183,183,26972,6
2019,2,Export,699,India,IND,156,China,CHN,500710,Silk; woven fabrics of noil silk,8,Weight in kilograms,112,112,16472,6
2020,2,Export,156,China,CHN,36,Australia,AUS,500710,Silk; woven fabrics of noil silk,8,Weight in kilograms,1102,1102,32417,0
2020,2,Export,156,China,CHN,76,Brazil,BRA,500710,Silk; woven fabrics of noil silk,8,Weight in kilograms,126,126,15588,0
2020,1,Import,156,China,CHN,156,China,CHN,500710,Silk; woven fabrics of noil silk,8,Weight in kilograms,5,5,2105,0
2020,4,Re-Import,156,China,CHN,156,China,CHN,500710,Silk; woven fabrics of noil silk,8,Weight in kilograms,5,5,2105,0
2020,1,Import,156,China,CHN,699,India,IND,500710,Silk; woven fabrics of noil silk,8,Weight in kilograms,132,132,7591,0
2020,1,Import,276,Germany,DEU,156,China,CHN,500710,Silk; woven fabrics of noil silk,8,Weight in kilograms,1757,1757,78533,6
2020,1,Import,276,Germany,DEU,699,India,IND,500710,Silk; woven fabrics of noil silk,8,Weight in kilograms,2429,2429,152186,6
2020,1,Import,410,Rep. of Korea,KOR,156,China,CHN,500710,Silk; woven fabrics of noil silk,8,Weight in kilograms,25,25,403,6
2020,1,Import,410,Rep. of Korea,KOR,699,India,IND,500710,Silk; woven fabrics of noil silk,8,Weight in kilograms,24,24,2719,0
2020,1,Import,643,Russian Federation,RUS,156,China,CHN,500710,Silk; woven fabrics of noil silk,8,Weight in kilograms,229,229,8859,0
2020,2,Export,699,India,IND,36,Australia,AUS,500710,Silk; woven fabrics of noil silk,8,Weight in kilograms,103,103,10557,6
2020,2,Export,699,India,IND,156,China,CHN,500710,Silk; woven fabrics of noil silk,8,Weight in kilograms,136,136,13934,6
2021,2,Export,156,China,CHN,36,Australia,AUS,500710,Silk; woven fabrics of noil silk,8,Weight in kilograms,832,832,25655,0
2021,2,Export,156,China,CHN,76,Brazil,BRA,500710,Silk; woven fabrics of noil silk,8,Weight in kilograms,134,134,16609,0
2021,1,Import,156,China,CHN,156,China,CHN,500710,Silk; woven fabrics of noil silk,8,Weight in kilograms,51,51,6556,0
2021,4,Re-Import,156,China,CHN,156,China,CHN,500710,Silk; woven fabrics of noil silk,8,Weight in kilograms,51,51,6556,0
2021,1,Import,156,China,CHN,699,India,IND,500710,Silk; woven fabrics of noil silk,8,Weight in kilograms,916,916,67315,0
2021,2,Export,156,China,CHN,699,India,IND,500710,Silk; woven fabrics of noil silk,8,Weight in kilograms,28,28,4997,0
2021,1,Import,276,Germany,DEU,156,China,CHN,500710,Silk; woven fabrics of noil silk,8,Weight in kilograms,509,509,28426,6
2021,2,Export,276,Germany,DEU,156,China,CHN,500710,Silk; woven fabrics of noil silk,8,Weight in kilograms,4,4,494,0
2021,1,Import,276,Germany,DEU,699,India,IND,500710,Silk; woven fabrics of noil silk,8,Weight in kilograms,1265,1265,90427,6
2021,1,Import,410,Rep. of Korea,KOR,156,China,CHN,500710,Silk; woven fabrics of noil silk,8,Weight in kilograms,62,62,824,0
2021,1,Import,410,Rep. of Korea,KOR,699,India,IND,500710,Silk; woven fabrics of noil silk,8,Weight in kilograms,15,15,7567,0
2021,1,Import,643,Russian Federation,RUS,699,India,IND,500710,Silk; woven fabrics of noil silk,8,Weight in kilograms,4,4,167,0
2021,2,Export,699,India,IND,36,Australia,AUS,500710,Silk; woven fabrics of noil silk,8,Weight in kilograms,110,,14604,6
2019,1,Import,156,China,CHN,36,Australia,AUS,51,"Wool, fine or coarse animal hair; horsehair yarn and woven fabric",1,No Quantity,0,0,1774933676,4
2019,2,Export,156,China,CHN,36,Australia,AUS,51,"Wool, fine or coarse animal hair; horsehair yarn and woven fabric",1,No Quantity,0,0,13106330,0
2019,1,Import,156,China,CHN,76,Brazil,BRA,51,"Wool, fine or coarse animal hair; horsehair yarn and woven fabric",1,No Quantity,0,0,1787776,0
2019,2,Export,156,China,CHN,76,Brazil,BRA,51,"Wool, fine or coarse animal hair; horsehair yarn and woven fabric",1,No Quantity,0,0,1166253,0
2019,1,Import,156,China,CHN,156,China,CHN,51,"Wool, fine or coarse animal hair; horsehair yarn and woven fabric",1,No Quantity,0,0,91858475,0
2019,4,Re-Import,156,China,CHN,156,China,CHN,51,"Wool, fine or coarse animal hair; horsehair yarn and woven fabric",1,No Quantity,0,0,91858475,0
2019,1,Import,156,China,CHN,699,India,IND,51,"Wool, fine or coarse animal hair; horsehair yarn and woven fabric",1,No Quantity,0,0,9823384,0
2019,2,Export,156,China,CHN,699,India,IND,51,"Wool, fine or coarse animal hair; horsehair yarn and woven fabric",1,No Quantity,0,0,58323522,0
2019,1,Import,276,Germany,DEU,36,Australia,AUS,51,"Wool, fine or coarse animal hair; horsehair yarn and woven fabric",1,No Quantity,0,0,9170595,4
2019,2,Export,276,Germany,DEU,36,Australia,AUS,51,"Wool, fine or coarse animal hair; horsehair yarn and woven fabric",1,No Quantity,0,0,348725,4
2019,1,Import,276,Germany,DEU,76,Brazil,BRA,51,"Wool, fine or coarse animal hair; horsehair yarn and woven fabric",1,No Quantity,0,0,1161687,0
2019,2,Export,276,Germany,DEU,76,Brazil,BRA,51,"Wool, fine or coarse animal hair; horsehair yarn and woven fabric",1,No Quantity,0,0,3876,0
2019,1,Import,276,Germany,DEU,156,China,CHN,51,"Wool, fine or coarse animal hair; horsehair yarn and woven fabric",1,No Quantity,0,0,80441637,4
2019,2,Export,276,Germany,DEU,156,China,CHN,51,"Wool, fine or coarse animal hair; horsehair yarn and woven fabric",1,No Quantity,0,0,2434216,4
2019,1,Import,276,Germany,DEU,699,India,IND,51,"Wool, fine or coarse animal hair; horsehair yarn and woven fabric",1,No Quantity,0,0,2706989,4
2019,2,Export,276,Germany,DEU,699,India,IND,51,"Wool, fine or coarse animal hair; horsehair yarn and woven fabric",1,No Quantity,0,0,173621,0
2019,1,Import,410,Rep. of Korea,KOR,36,Australia,AUS,51,"Wool, fine or coarse animal hair; horsehair yarn and woven fabric",1,No Quantity,0,0,68642875,0
2019,2,Export,410,Rep. of Korea,KOR,36,Australia,AUS,51,"Wool, fine or coarse animal hair; horsehair yarn and woven fabric",1,No Quantity,0,0,36712,0
2019,1,Import,410,Rep. of Korea,KOR,156,China,CHN,51,"Wool, fine or coarse animal hair; horsehair yarn and woven fabric",1,No Quantity,0,0,121445058,0
2019,2,Export,410,Rep. of Korea,KOR,156,China,CHN,51,"Wool, fine or coarse animal hair; horsehair yarn and woven fabric",1,No Quantity,0,0,30306136,0
2019,1,Import,410,Rep. of Korea,KOR,699,India,IND,51,"Wool, fine or coarse animal hair; horsehair yarn and woven fabric",1,No Quantity,0,0,28669902,0
2019,2,Export,410,Rep. of Korea,KOR,699,India,IND,51,"Wool, fine or coarse animal hair; horsehair yarn and woven fabric",1,No Quantity,0,0,618120,0
2019,1,Import,643,Russian Federation,RUS,36,Australia,AUS,51,"Wool, fine or coarse animal hair; horsehair yarn and woven fabric",1,No Quantity,0,0,94387,0
2019,1,Import,643,Russian Federation,RUS,156,China,CHN,51,"Wool, fine or coarse animal hair; horsehair yarn and woven fabric",1,No Quantity,0,0,5684546,0
2019,2,Export,643,Russian Federation,RUS,156,China,CHN,51,"Wool, fine or coarse animal hair; horsehair yarn and woven fabric",1,No Quantity,0,0,2301257,0
2019,1,Import,643,Russian Federation,RUS,699,India,IND,51,"Wool, fine or coarse animal hair; horsehair yarn and woven fabric",1,No Quantity,0,0,164864,0
2019,2,Export,643,Russian Federation,RUS,699,India,IND,51,"Wool, fine or coarse animal hair; horsehair yarn and woven fabric",1,No Quantity,0,0,4998028,0
2019,1,Import,699,India,IND,36,Australia,AUS,51,"Wool, fine or coarse animal hair; horsehair yarn and woven fabric",1,No Quantity,0,0,125869085,4
2019,2,Export,699,India,IND,36,Australia,AUS,51,"Wool, fine or coarse animal hair; horsehair yarn and woven fabric",1,No Quantity,0,0,1209908,4
2019,1,Import,699,India,IND,76,Brazil,BRA,51,"Wool, fine or coarse animal hair; horsehair yarn and woven fabric",1,No Quantity,0,0,27108,0
2019,2,Export,699,India,IND,76,Brazil,BRA,51,"Wool, fine or coarse animal hair; horsehair yarn and woven fabric",1,No Quantity,0,0,9137,4
2019,1,Import,699,India,IND,156,China,CHN,51,"Wool, fine or coarse animal hair; horsehair yarn and woven fabric",1,No Quantity,0,0,48839979,4
2019,2,Export,699,India,IND,156,China,CHN,51,"Wool, fine or coarse animal hair; horsehair yarn and woven fabric",1,No Quantity,0,0,8635142,4
2020,1,Import,156,China,CHN,36,Australia,AUS,51,"Wool, fine or coarse animal hair; horsehair yarn and woven fabric",1,No Quantity,0,0,1218268978,0
2020,2,Export,156,China,CHN,36,Australia,AUS,51,"Wool, fine or coarse animal hair; horsehair yarn and woven fabric",1,No Quantity,0,0,11676888,4
2020,1,Import,156,China,CHN,76,Brazil,BRA,51,"Wool, fine or coarse animal hair; horsehair yarn and woven fabric",1,No Quantity,0,0,205176,0
2020,2,Export,156,China,CHN,76,Brazil,BRA,51,"Wool, fine or coarse animal hair; horsehair yarn and woven fabric",1,No Quantity,0,0,90258,0
2020,1,Import,156,China,CHN,156,China,CHN,51,"Wool, fine or coarse animal hair; horsehair yarn and woven fabric",1,No Quantity,0,0,77401760,4
2020,4,Re-Import,156,China,CHN,156,China,CHN,51,"Wool, fine or coarse animal hair; horsehair yarn and woven fabric",1,No Quantity,0,0,77401760,4
2020,1,Import,156,China,CHN,699,India,IND,51,"Wool, fine or coarse animal hair; horsehair yarn and woven fabric",1,No Quantity,0,0,786950,0
2020,2,Export,156,China,CHN,699,India,IND,51,"Wool, fine or coarse animal hair; horsehair yarn and woven fabric",1,No Quantity,0,0,41941405,4
2020,1,Import,276,Germany,DEU,36,Australia,AUS,51,"Wool, fine or coarse animal hair; horsehair yarn and woven fabric",1,No Quantity,0,0,6896990,4
2020,2,Export,276,Germany,DEU,36,Australia,AUS,51,"Wool, fine or coarse animal hair; horsehair yarn and woven fabric",1,No Quantity,0,0,215159,4
2020,1,Import,276,Germany,DEU,76,Brazil,BRA,51,"Wool, fine or coarse animal hair; horsehair yarn and woven fabric",1,No Quantity,0,0,137262,0
2020,2,Export,276,Germany,DEU,76,Brazil,BRA,51,"Wool, fine or coarse animal hair; horsehair yarn and woven fabric",1,No Quantity,0,0,55397,4
2020,1,Import,276,Germany,DEU,156,China,CHN,51,"Wool, fine or coarse animal hair; horsehair yarn and woven fabric",1,No Quantity,0,0,48409435,4
2020,2,Export,276,Germany,DEU,156,China,CHN,51,"Wool, fine or coarse animal hair; horsehair yarn and woven fabric",1,No Quantity,0,0,1315104,4
2020,1,Import,276,Germany,DEU,699,India,IND,51,"Wool, fine or coarse animal hair; horsehair yarn and woven fabric",1,No Quantity,0,0,1953721,4
2020,2,Export,276,Germany,DEU,699,India,IND,51,"Wool, fine or coarse animal hair; horsehair yarn and woven fabric",1,No Quantity,0,0,137738,0
2020,1,Import,410,Rep. of Korea,KOR,36,Australia,AUS,51,"Wool, fine or coarse animal hair; horsehair yarn and woven fabric",1,No Quantity,0,0,38790859,0
2020,2,Export,410,Rep. of Korea,KOR,36,Australia,AUS,51,"Wool, fine or coarse animal hair; horsehair yarn and woven fabric",1,No Quantity,0,0,40452,0
2020,1,Import,410,Rep. of Korea,KOR,156,China,CHN,51,"Wool, fine or coarse animal hair; horsehair yarn and woven fabric",1,No Quantity,0,0,78190189,0
2020,2,Export,410,Rep. of Korea,KOR,156,China,CHN,51,"Wool, fine or coarse animal hair; horsehair yarn and woven fabric",1,No Quantity,0,0,21097007,0
2020,1,Import,410,Rep. of Korea,KOR,699,India,IND,51,"Wool, fine or coarse animal hair; horsehair yarn and woven fabric",1,No Quantity,0,0,20436003,4
2020,2,Export,410,Rep. of Korea,KOR,699,India,IND,51,"Wool, fine or coarse animal hair; horsehair yarn and woven fabric",1,No Quantity,0,0,760,0
2020,1,Import,643,Russian Federation,RUS,36,Australia,AUS,51,"Wool, fine or coarse animal hair; horsehair yarn and woven fabric",1,No Quantity,0,0,215221,0
2020,2,Export,643,Russian Federation,RUS,36,Australia,AUS,51,"Wool, fine or coarse animal hair; horsehair yarn and woven fabric",1,No Quantity,0,0,5679,0
2020,1,Import,643,Russian Federation,RUS,156,China,CHN,51,"Wool, fine or coarse animal hair; horsehair yarn and woven fabric",1,No Quantity,0,0,4726376,0
2020,2,Export,643,Russian Federation,RUS,156,China,CHN,51,"Wool, fine or coarse animal hair; horsehair yarn and woven fabric",1,No Quantity,0,0,1040343,0
2020,1,Import,643,Russian Federation,RUS,699,India,IND,51,"Wool, fine or coarse animal hair; horsehair yarn and woven fabric",1,No Quantity,0,0,160357,0
2020,2,Export,643,Russian Federation,RUS,699,India,IND,51,"Wool, fine or coarse animal hair; horsehair yarn and woven fabric",1,No Quantity,0,0,1270542,0
2020,1,Import,699,India,IND,36,Australia,AUS,51,"Wool, fine or coarse animal hair; horsehair yarn and woven fabric",1,No Quantity,0,0,65640913,4
2020,2,Export,699,India,IND,36,Australia,AUS,51,"Wool, fine or coarse animal hair; horsehair yarn and woven fabric",1,No Quantity,0,0,1759510,4
2020,1,Import,699,India,IND,156,China,CHN,51,"Wool, fine or coarse animal hair; horsehair yarn and woven fabric",1,No Quantity,0,0,26132765,4
2020,2,Export,699,India,IND,156,China,CHN,51,"Wool, fine or coarse animal hair; horsehair yarn and woven fabric",1,No Quantity,0,0,714203,4
2021,1,Import,156,China,CHN,36,Australia,AUS,51,"Wool, fine or coarse animal hair; horsehair yarn and woven fabric",1,No Quantity,0,0,1894906506,4
2021,2,Export,156,China,CHN,36,Australia,AUS,51,"Wool, fine or coarse animal hair; horsehair yarn and woven fabric",1,No Quantity,0,0,14069862,4
2021,1,Import,156,China,CHN,76,Brazil,BRA,51,"Wool, fine or coarse animal hair; horsehair yarn and woven fabric",1,No Quantity,0,0,519616,0
2021,2,Export,156,China,CHN,76,Brazil,BRA,51,"Wool, fine or coarse animal hair; horsehair yarn and woven fabric",1,No Quantity,0,0,495097,0
2021,1,Import,156,China,CHN,156,China,CHN,51,"Wool, fine or coarse animal hair; horsehair yarn and woven fabric",1,No Quantity,0,0,88546090,0
2021,4,Re-Import,156,China,CHN,156,China,CHN,51,"Wool, fine or coarse animal hair; horsehair yarn and woven fabric",1,No Quantity,0,0,88546090,0
2021,1,Import,156,China,CHN,699,India,IND,51,"Wool, fine or coarse animal hair; horsehair yarn and woven fabric",1,No Quantity,0,0,2356450,4
2021,2,Export,156,China,CHN,699,India,IND,51,"Wool, fine or coarse animal hair; horsehair yarn and woven fabric",1,No Quantity,0,0,65895225,0
2021,1,Import,276,Germany,DEU,36,Australia,AUS,51,"Wool, fine or coarse animal hair; horsehair yarn and woven fabric",1,No Quantity,0,0,6926009,4
2021,2,Export,276,Germany,DEU,36,Australia,AUS,51,"Wool, fine or coarse animal hair; horsehair yarn and woven fabric",1,No Quantity,0,0,233857,4
2021,1,Import,276,Germany,DEU,76,Brazil,BRA,51,"Wool, fine or coarse animal hair; horsehair yarn and woven fabric",1,No Quantity,0,0,620818,0
2021,2,Export,276,Germany,DEU,76,Brazil,BRA,51,"Wool, fine or coarse animal hair; horsehair yarn and woven fabric",1,No Quantity,0,0,45160,0
2021,1,Import,276,Germany,DEU,156,China,CHN,51,"Wool, fine or coarse animal hair; horsehair yarn and woven fabric",1,No Quantity,0,0,59361072,4
2021,2,Export,276,Germany,DEU,156,China,CHN,51,"Wool, fine or coarse animal hair; horsehair yarn and woven fabric",1,No Quantity,0,0,1523199,0
2021,1,Import,276,Germany,DEU,699,India,IND,51,"Wool, fine or coarse animal hair; horsehair yarn and woven fabric",1,No Quantity,0,0,1317132,4
2021,2,Export,276,Germany,DEU,699,India,IND,51,"Wool, fine or coarse animal hair; horsehair yarn and woven fabric",1,No Quantity,0,0,923225,0
2021,1,Import,410,Rep. of Korea,KOR,36,Australia,AUS,51,"Wool, fine or coarse animal hair; horsehair yarn and woven fabric",1,No Quantity,0,0,43887151,4
2021,2,Export,410,Rep. of Korea,KOR,36,Australia,AUS,51,"Wool, fine or coarse animal hair; horsehair yarn and woven fabric",1,No Quantity,0,0,37613,4
2021,1,Import,410,Rep. of Korea,KOR,156,China,CHN,51,"Wool, fine or coarse animal hair; horsehair yarn and woven fabric",1,No Quantity,0,0,94138396,4
2021,2,Export,410,Rep. of Korea,KOR,156,China,CHN,51,"Wool, fine or coarse animal hair; horsehair yarn and woven fabric",1,No Quantity,0,0,23021102,0
2021,1,Import,410,Rep. of Korea,KOR,699,India,IND,51,"Wool, fine or coarse animal hair; horsehair yarn and woven fabric",1,No Quantity,0,0,16788585,0
2021,2,Export,410,Rep. of Korea,KOR,699,India,IND,51,"Wool, fine or coarse animal hair; horsehair yarn and woven fabric",1,No Quantity,0,0,958,0
2021,1,Import,643,Russian Federation,RUS,36,Australia,AUS,51,"Wool, fine or coarse animal hair; horsehair yarn and woven fabric",1,No Quantity,0,0,231523,0
2021,2,Export,643,Russian Federation,RUS,36,Australia,AUS,51,"Wool, fine or coarse animal hair; horsehair yarn and woven fabric",1,No Quantity,0,0,6858,0
2021,1,Import,643,Russian Federation,RUS,76,Brazil,BRA,51,"Wool, fine or coarse animal hair; horsehair yarn and woven fabric",1,No Quantity,0,0,177982,0
2021,1,Import,643,Russian Federation,RUS,156,China,CHN,51,"Wool, fine or coarse animal hair; horsehair yarn and woven fabric",1,No Quantity,0,0,4977921,0
2021,2,Export,643,Russian Federation,RUS,156,China,CHN,51,"Wool, fine or coarse animal hair; horsehair yarn and woven fabric",1,No Quantity,0,0,3530556,0
2021,1,Import,643,Russian Federation,RUS,699,India,IND,51,"Wool, fine or coarse animal hair; horsehair yarn and woven fabric",1,No Quantity,0,0,254857,0
2021,2,Export,643,Russian Federation,RUS,699,India,IND,51,"Wool, fine or coarse animal hair; horsehair yarn and woven fabric",1,No Quantity,0,0,1768501,0
2021,1,Import,699,India,IND,36,Australia,AUS,51,"Wool, fine or coarse animal hair; horsehair yarn and woven fabric",1,No Quantity,0,0,92175161,4
2021,2,Export,699,India,IND,36,Australia,AUS,51,"Wool, fine or coarse animal hair; horsehair yarn and woven fabric",1,No Quantity,0,0,2699361,4
2021,2,Export,699,India,IND,76,Brazil,BRA,51,"Wool, fine or coarse animal hair; horsehair yarn and woven fabric",1,No Quantity,0,0,325,0
2021,1,Import,699,India,IND,156,China,CHN,51,"Wool, fine or coarse animal hair; horsehair yarn and woven fabric",1,No Quantity,0,0,32248321,4
2021,2,Export,699,India,IND,156,China,CHN,51,"Wool, fine or coarse animal hair; horsehair yarn and woven fabric",1,No Quantity,0,0,2577358,4
2019,2,Export,156,China,CHN,36,Australia,AUS,520515,"Cotton yarn; (not sewing thread), single, of uncombed fibres, 85% or more by weight of cotton, measuring less than 125 decitex (exceeding 80 metric number), not for retail sale",8,Weight in kilograms,30,30,38,0
2019,2,Export,156,China,CHN,76,Brazil,BRA,520515,"Cotton yarn; (not sewing thread), single, of uncombed fibres, 85% or more by weight of cotton, measuring less than 125 decitex (exceeding 80 metric number), not for retail sale",8,Weight in kilograms,0,0,2,6
2019,1,Import,410,Rep. of Korea,KOR,156,China,CHN,520515,"Cotton yarn; (not sewing thread), single, of uncombed fibres, 85% or more by weight of cotton, measuring less than 125 decitex (exceeding 80 metric number), not for retail sale",8,Weight in kilograms,25,25,156,0
2020,1,Import,156,China,CHN,699,India,IND,520515,"Cotton yarn; (not sewing thread), single, of uncombed fibres, 85% or more by weight of cotton, measuring less than 125 decitex (exceeding 80 metric number), not for retail sale",8,Weight in kilograms,48,48,487,0
2020,2,Export,699,India,IND,156,China,CHN,520515,"Cotton yarn; (not sewing thread), single, of uncombed fibres, 85% or more by weight of cotton, measuring less than 125 decitex (exceeding 80 metric number), not for retail sale",8,Weight in kilograms,11848,11848,38094,0
2021,1,Import,410,Rep. of Korea,KOR,156,China,CHN,520515,"Cotton yarn; (not sewing thread), single, of uncombed fibres, 85% or more by weight of cotton, measuring less than 125 decitex (exceeding 80 metric number), not for retail sale",8,Weight in kilograms,447,447,6789,0
2021,2,Export,699,India,IND,36,Australia,AUS,520515,"Cotton yarn; (not sewing thread), single, of uncombed fibres, 85% or more by weight of cotton, measuring less than 125 decitex (exceeding 80 metric number), not for retail sale",8,Weight in kilograms,2,2,17,0
2021,2,Export,699,India,IND,156,China,CHN,520515,"Cotton yarn; (not sewing thread), single, of uncombed fibres, 85% or more by weight of cotton, measuring less than 125 decitex (exceeding 80 metric number), not for retail sale",8,Weight in kilograms,18109,18109,57243,0
